pair_ID,entailment_judgment,relatedness_score
6,NEUTRAL,3.3
7,NEUTRAL,3.7
8,NEUTRAL,3.0
10,ENTAILMENT,4.9
11,ENTAILMENT,3.665
13,CONTRADICTION,3.3
15,NEUTRAL,2.7
16,NEUTRAL,2.9
17,NEUTRAL,2.3
19,ENTAILMENT,4.9
20,CONTRADICTION,3.6
21,NEUTRAL,3.0
22,ENTAILMENT,4.3
23,CONTRADICTION,4.1
27,NEUTRAL,3.2
29,NEUTRAL,3.3
31,CONTRADICTION,4.0
32,NEUTRAL,4.2
33,ENTAILMENT,4.7
34,NEUTRAL,3.9
36,NEUTRAL,3.5
37,ENTAILMENT,4.0
38,CONTRADICTION,3.5
39,NEUTRAL,3.6
41,ENTAILMENT,4.4
43,ENTAILMENT,4.0
46,NEUTRAL,3.9
48,NEUTRAL,3.7
50,NEUTRAL,3.6
51,NEUTRAL,3.9
52,ENTAILMENT,4.9
53,NEUTRAL,4.0
54,NEUTRAL,3.9
57,NEUTRAL,4.1
59,NEUTRAL,3.9
60,NEUTRAL,3.1
61,NEUTRAL,3.9
63,NEUTRAL,4.4
64,CONTRADICTION,3.8
66,NEUTRAL,4.8
67,CONTRADICTION,4.1
68,NEUTRAL,4.6
69,CONTRADICTION,3.6
71,CONTRADICTION,3.3
74,ENTAILMENT,4.7
75,NEUTRAL,3.8
76,ENTAILMENT,2.9
80,NEUTRAL,1.3
86,NEUTRAL,2.6
89,ENTAILMENT,4.8
92,NEUTRAL,1.6
95,NEUTRAL,1.6
96,NEUTRAL,1.2
101,ENTAILMENT,4.0
102,NEUTRAL,3.7
103,NEUTRAL,3.7
104,NEUTRAL,4.3
106,NEUTRAL,4.1
108,NEUTRAL,3.5
109,NEUTRAL,4.7
110,ENTAILMENT,3.9
111,ENTAILMENT,4.8
114,NEUTRAL,3.0
115,NEUTRAL,2.7
118,NEUTRAL,4.8
121,ENTAILMENT,4.8
123,NEUTRAL,2.8
125,NEUTRAL,3.0
128,NEUTRAL,2.3
132,CONTRADICTION,3.3
134,NEUTRAL,4.0
135,NEUTRAL,2.7
137,NEUTRAL,2.8
138,NEUTRAL,1.4
142,NEUTRAL,4.9
143,CONTRADICTION,3.4
144,NEUTRAL,2.9
145,NEUTRAL,2.2
147,NEUTRAL,2.8
149,NEUTRAL,4.535
151,ENTAILMENT,4.8
152,NEUTRAL,4.1
153,ENTAILMENT,4.5
154,NEUTRAL,2.685
155,ENTAILMENT,4.2
156,CONTRADICTION,3.55
157,ENTAILMENT,4.9
158,ENTAILMENT,4.7
160,ENTAILMENT,4.7
162,NEUTRAL,3.8
165,ENTAILMENT,3.4
166,ENTAILMENT,3.7
167,ENTAILMENT,4.4
168,NEUTRAL,3.8
169,ENTAILMENT,4.6
171,NEUTRAL,3.7
172,ENTAILMENT,3.7
174,NEUTRAL,3.7
175,NEUTRAL,4.2
177,NEUTRAL,4.1
178,NEUTRAL,4.8
179,NEUTRAL,3.4
180,NEUTRAL,3.5
181,ENTAILMENT,4.6
182,NEUTRAL,3.2
187,NEUTRAL,3.0
189,NEUTRAL,3.3
190,NEUTRAL,3.3
191,NEUTRAL,4.1
193,NEUTRAL,4.6
195,NEUTRAL,3.6
196,CONTRADICTION,3.6
198,NEUTRAL,3.6
199,NEUTRAL,3.7
203,CONTRADICTION,3.7
204,NEUTRAL,4.0
206,NEUTRAL,3.8
207,NEUTRAL,3.3
208,NEUTRAL,4.5
209,NEUTRAL,4.2
210,CONTRADICTION,3.3
212,NEUTRAL,3.565
213,NEUTRAL,2.8
214,NEUTRAL,2.6
220,ENTAILMENT,4.4
221,ENTAILMENT,3.9
222,NEUTRAL,3.9
229,ENTAILMENT,4.5
230,CONTRADICTION,3.1
231,ENTAILMENT,4.5
235,NEUTRAL,2.7
239,NEUTRAL,2.3
242,NEUTRAL,3.9
243,ENTAILMENT,3.9
244,CONTRADICTION,3.9
245,NEUTRAL,3.7
246,NEUTRAL,2.3
247,NEUTRAL,3.6
250,NEUTRAL,3.0
251,NEUTRAL,3.1
252,NEUTRAL,3.8
255,ENTAILMENT,4.2
261,NEUTRAL,3.2
262,ENTAILMENT,4.7
263,NEUTRAL,4.1
264,NEUTRAL,2.8
267,NEUTRAL,2.9
268,NEUTRAL,2.5
270,NEUTRAL,3.7
271,NEUTRAL,3.1
274,ENTAILMENT,3.6
275,NEUTRAL,4.2
278,NEUTRAL,2.8
281,NEUTRAL,4.0
282,ENTAILMENT,4.6
284,NEUTRAL,4.7
288,NEUTRAL,3.8
290,NEUTRAL,3.0
292,NEUTRAL,3.285
294,ENTAILMENT,3.8
295,NEUTRAL,2.9
297,NEUTRAL,2.3
298,NEUTRAL,1.8
299,NEUTRAL,3.2
300,ENTAILMENT,4.7
306,ENTAILMENT,3.1
307,ENTAILMENT,3.5
308,NEUTRAL,3.2
314,CONTRADICTION,3.8
316,NEUTRAL,1.6
318,NEUTRAL,1.7
319,NEUTRAL,1.8
320,NEUTRAL,1.0
321,NEUTRAL,1.9
322,ENTAILMENT,4.7
324,NEUTRAL,4.4
325,CONTRADICTION,4.1
326,NEUTRAL,2.3
328,NEUTRAL,1.4
330,NEUTRAL,1.3
334,NEUTRAL,3.1
336,ENTAILMENT,4.4
337,ENTAILMENT,3.8
343,ENTAILMENT,4.8
345,NEUTRAL,3.5
348,NEUTRAL,2.6
349,NEUTRAL,2.1
350,NEUTRAL,3.2
352,CONTRADICTION,3.9
353,NEUTRAL,3.2
355,CONTRADICTION,3.5
356,NEUTRAL,4.2
357,CONTRADICTION,3.1
359,NEUTRAL,3.9
364,ENTAILMENT,4.9
365,NEUTRAL,4.4
368,NEUTRAL,3.8
369,NEUTRAL,2.8
371,ENTAILMENT,4.3
376,NEUTRAL,2.4
383,NEUTRAL,3.935
385,NEUTRAL,4.0
386,NEUTRAL,4.0
388,ENTAILMENT,3.6
389,NEUTRAL,3.4
399,NEUTRAL,2.7
400,NEUTRAL,3.2
401,NEUTRAL,3.7
405,NEUTRAL,3.5
406,ENTAILMENT,3.6
407,NEUTRAL,1.8
408,ENTAILMENT,4.1
411,ENTAILMENT,4.9
412,NEUTRAL,3.3
414,NEUTRAL,4.7
416,NEUTRAL,3.8
418,NEUTRAL,3.2
419,NEUTRAL,3.9
420,NEUTRAL,2.2
421,NEUTRAL,3.7
424,NEUTRAL,4.5
425,CONTRADICTION,3.4
426,ENTAILMENT,3.6
429,NEUTRAL,2.6
430,ENTAILMENT,3.9
431,NEUTRAL,3.6
432,NEUTRAL,4.4
433,NEUTRAL,4.9
437,NEUTRAL,2.8
443,NEUTRAL,3.8
444,ENTAILMENT,3.2
445,NEUTRAL,4.6
448,NEUTRAL,3.6
452,NEUTRAL,4.0
453,ENTAILMENT,4.6
455,NEUTRAL,4.2
456,CONTRADICTION,3.3
458,CONTRADICTION,2.4
459,NEUTRAL,2.5
460,NEUTRAL,2.4
463,NEUTRAL,3.2
464,ENTAILMENT,3.5
466,CONTRADICTION,4.8
467,NEUTRAL,3.3
468,NEUTRAL,2.8
469,ENTAILMENT,4.5
471,NEUTRAL,2.7
472,NEUTRAL,3.8
474,CONTRADICTION,3.035
478,NEUTRAL,4.085
479,ENTAILMENT,4.0
480,NEUTRAL,3.6
481,ENTAILMENT,4.5
482,ENTAILMENT,4.7
483,NEUTRAL,2.5
487,NEUTRAL,2.95
488,NEUTRAL,3.8
490,NEUTRAL,3.7
492,CONTRADICTION,3.3
493,NEUTRAL,2.4
495,NEUTRAL,3.9
498,NEUTRAL,3.7
501,NEUTRAL,3.3
502,ENTAILMENT,4.5
503,CONTRADICTION,3.45
504,NEUTRAL,3.7
509,NEUTRAL,2.8
510,NEUTRAL,2.4
511,NEUTRAL,3.0
512,NEUTRAL,3.0
517,NEUTRAL,2.8
518,ENTAILMENT,4.7
519,CONTRADICTION,4.0
521,NEUTRAL,3.0
523,NEUTRAL,2.7
525,NEUTRAL,2.5
532,CONTRADICTION,3.1
533,NEUTRAL,3.4
534,NEUTRAL,3.5
536,NEUTRAL,2.4
537,NEUTRAL,3.3
539,NEUTRAL,2.3
540,NEUTRAL,3.3
543,NEUTRAL,3.0
544,ENTAILMENT,4.6
546,NEUTRAL,3.1
547,NEUTRAL,2.685
549,NEUTRAL,3.5
553,NEUTRAL,2.9
554,ENTAILMENT,4.4
558,NEUTRAL,3.8
559,NEUTRAL,3.1
562,NEUTRAL,2.5
563,NEUTRAL,3.6
566,NEUTRAL,3.9
567,ENTAILMENT,5.0
569,NEUTRAL,2.9
571,CONTRADICTION,2.6
572,NEUTRAL,3.6
573,NEUTRAL,3.8
574,NEUTRAL,3.1
575,NEUTRAL,2.3
576,NEUTRAL,4.0
577,NEUTRAL,3.5
578,NEUTRAL,2.5
579,NEUTRAL,3.7
580,NEUTRAL,4.9
582,NEUTRAL,3.6
583,ENTAILMENT,4.9
584,CONTRADICTION,4.3
585,NEUTRAL,3.8
589,NEUTRAL,3.4
590,ENTAILMENT,4.2
591,ENTAILMENT,4.3
593,ENTAILMENT,4.9
594,CONTRADICTION,3.8
595,NEUTRAL,3.6
596,NEUTRAL,2.4
598,NEUTRAL,3.2
600,ENTAILMENT,5.0
602,NEUTRAL,2.8
607,NEUTRAL,3.2
608,NEUTRAL,1.915
610,NEUTRAL,2.0
612,NEUTRAL,3.0
613,ENTAILMENT,4.9
614,NEUTRAL,3.935
615,NEUTRAL,4.2
616,ENTAILMENT,5.0
618,NEUTRAL,2.8
620,NEUTRAL,2.6
623,NEUTRAL,3.0
624,NEUTRAL,3.4
627,NEUTRAL,3.3
633,NEUTRAL,3.0
635,NEUTRAL,4.2
636,NEUTRAL,2.9
639,ENTAILMENT,4.9
640,NEUTRAL,3.3
642,ENTAILMENT,5.0
644,NEUTRAL,3.4
652,ENTAILMENT,4.8
654,NEUTRAL,3.3
656,NEUTRAL,4.0
658,ENTAILMENT,4.3
659,NEUTRAL,3.4
662,NEUTRAL,3.9
664,NEUTRAL,4.2
665,ENTAILMENT,4.8
666,ENTAILMENT,3.5
667,ENTAILMENT,4.9
669,NEUTRAL,2.4
670,NEUTRAL,4.065
673,NEUTRAL,4.1
674,NEUTRAL,3.3
675,NEUTRAL,4.4
677,NEUTRAL,3.6
681,NEUTRAL,3.1
682,NEUTRAL,3.9
683,CONTRADICTION,3.4
684,NEUTRAL,2.9
686,NEUTRAL,3.5
688,NEUTRAL,4.4
694,NEUTRAL,3.9
695,NEUTRAL,3.4
700,NEUTRAL,2.1
701,NEUTRAL,2.5
705,ENTAILMENT,4.6
706,CONTRADICTION,3.585
707,NEUTRAL,3.5
708,NEUTRAL,3.6
710,NEUTRAL,2.8
711,NEUTRAL,3.0
712,NEUTRAL,3.9
713,ENTAILMENT,5.0
714,NEUTRAL,3.1
716,ENTAILMENT,4.1
719,NEUTRAL,3.1
720,NEUTRAL,2.1
721,NEUTRAL,3.1
724,NEUTRAL,3.4
726,ENTAILMENT,4.9
739,NEUTRAL,3.2
740,NEUTRAL,4.8
742,NEUTRAL,2.9
743,NEUTRAL,4.1
744,NEUTRAL,3.9
750,NEUTRAL,4.3
751,NEUTRAL,2.3
753,CONTRADICTION,4.4
755,NEUTRAL,3.1
756,ENTAILMENT,2.9
758,NEUTRAL,3.9
763,NEUTRAL,4.2
767,ENTAILMENT,2.7
770,ENTAILMENT,3.6
771,ENTAILMENT,3.6
773,NEUTRAL,3.5
775,NEUTRAL,3.6
776,NEUTRAL,2.8
778,NEUTRAL,3.685
779,NEUTRAL,3.0
781,ENTAILMENT,4.3
782,CONTRADICTION,3.75
786,NEUTRAL,2.3
787,NEUTRAL,3.2
788,NEUTRAL,3.5
790,NEUTRAL,3.65
794,NEUTRAL,4.6
795,NEUTRAL,3.8
798,CONTRADICTION,3.8
800,NEUTRAL,2.5
801,NEUTRAL,2.1
803,NEUTRAL,2.6
805,ENTAILMENT,4.9
806,CONTRADICTION,3.2
807,NEUTRAL,4.6
808,NEUTRAL,4.6
809,CONTRADICTION,3.9
810,NEUTRAL,2.6
814,NEUTRAL,2.4
815,NEUTRAL,3.0
817,ENTAILMENT,3.5
818,ENTAILMENT,4.8
819,CONTRADICTION,3.6
821,NEUTRAL,2.4
823,NEUTRAL,2.7
826,NEUTRAL,2.7
828,CONTRADICTION,3.1
829,NEUTRAL,4.4
832,NEUTRAL,3.7
833,NEUTRAL,3.4
834,NEUTRAL,3.0
835,NEUTRAL,2.9
837,NEUTRAL,3.8
838,NEUTRAL,3.4
840,ENTAILMENT,4.8
842,ENTAILMENT,3.2
843,ENTAILMENT,4.2
847,NEUTRAL,2.7
849,NEUTRAL,3.1
850,NEUTRAL,2.7
853,NEUTRAL,4.4
854,CONTRADICTION,3.2
856,ENTAILMENT,4.7
861,CONTRADICTION,3.2
863,ENTAILMENT,4.1
865,CONTRADICTION,3.5
871,NEUTRAL,3.6
875,NEUTRAL,4.5
877,ENTAILMENT,4.5
884,NEUTRAL,2.7
885,NEUTRAL,3.3
886,NEUTRAL,3.8
890,ENTAILMENT,4.3
891,CONTRADICTION,3.6
894,ENTAILMENT,3.8
896,ENTAILMENT,3.2
897,ENTAILMENT,3.7
900,ENTAILMENT,4.0
901,NEUTRAL,3.6
903,NEUTRAL,3.6
905,NEUTRAL,3.6
907,NEUTRAL,2.6
911,NEUTRAL,3.7
912,ENTAILMENT,4.9
914,ENTAILMENT,4.4
916,ENTAILMENT,3.8
918,NEUTRAL,1.1
919,NEUTRAL,3.15
921,NEUTRAL,3.1
923,ENTAILMENT,4.4
924,CONTRADICTION,2.4
925,NEUTRAL,2.965
926,ENTAILMENT,4.9
928,NEUTRAL,4.0
929,NEUTRAL,3.8
930,NEUTRAL,3.8
934,ENTAILMENT,4.6
937,ENTAILMENT,4.9
938,NEUTRAL,4.0
939,NEUTRAL,3.4
941,NEUTRAL,3.2
942,NEUTRAL,2.6
946,NEUTRAL,3.8
951,ENTAILMENT,2.8
952,NEUTRAL,3.9
954,NEUTRAL,3.0
955,NEUTRAL,3.3
958,ENTAILMENT,3.0
964,CONTRADICTION,3.7
965,NEUTRAL,4.8
966,NEUTRAL,3.5
968,NEUTRAL,3.5
969,NEUTRAL,3.9
971,NEUTRAL,1.9
972,NEUTRAL,3.765
974,CONTRADICTION,4.0
976,ENTAILMENT,4.5
977,NEUTRAL,3.8
981,NEUTRAL,2.2
982,NEUTRAL,3.1
983,NEUTRAL,2.6
986,ENTAILMENT,4.6
990,NEUTRAL,4.1
992,NEUTRAL,2.4
993,NEUTRAL,3.0
995,NEUTRAL,3.0
997,NEUTRAL,1.5
999,ENTAILMENT,4.7
1001,ENTAILMENT,4.8
1003,NEUTRAL,3.1
1005,NEUTRAL,2.3
1006,NEUTRAL,2.2
1011,ENTAILMENT,4.7
1012,NEUTRAL,3.2
1013,NEUTRAL,3.4
1014,NEUTRAL,3.5
1015,NEUTRAL,2.9
1017,NEUTRAL,3.3
1020,NEUTRAL,3.6
1023,NEUTRAL,2.6
1024,NEUTRAL,4.8
1025,NEUTRAL,3.4
1027,NEUTRAL,2.4
1030,NEUTRAL,2.0
1032,ENTAILMENT,5.0
1034,NEUTRAL,3.5
1035,ENTAILMENT,4.5
1036,CONTRADICTION,3.6
1040,NEUTRAL,2.9
1041,ENTAILMENT,4.0
1042,ENTAILMENT,3.4
1051,NEUTRAL,2.9
1056,NEUTRAL,2.9
1058,ENTAILMENT,4.9
1059,CONTRADICTION,3.5
1060,NEUTRAL,3.7
1062,CONTRADICTION,3.6
1063,NEUTRAL,3.5
1066,NEUTRAL,2.6
1067,NEUTRAL,3.4
1070,NEUTRAL,3.8
1071,ENTAILMENT,4.5
1072,NEUTRAL,2.8
1073,ENTAILMENT,4.9
1075,NEUTRAL,4.5
1077,NEUTRAL,3.7
1078,NEUTRAL,3.6
1079,NEUTRAL,4.2
1081,NEUTRAL,4.1
1085,ENTAILMENT,4.4
1086,NEUTRAL,2.6
1089,NEUTRAL,3.5
1098,ENTAILMENT,4.4
1100,NEUTRAL,1.0
1101,NEUTRAL,1.0
1103,NEUTRAL,1.1
1106,ENTAILMENT,4.3
1107,CONTRADICTION,3.4
1110,CONTRADICTION,2.6
1113,NEUTRAL,1.5
1114,NEUTRAL,1.1
1116,NEUTRAL,1.5
1121,ENTAILMENT,4.5
1123,ENTAILMENT,4.0
1124,CONTRADICTION,4.1
1126,ENTAILMENT,4.5
1127,CONTRADICTION,3.4
1130,CONTRADICTION,4.0
1131,ENTAILMENT,3.8
1132,NEUTRAL,4.0
1134,NEUTRAL,3.2
1136,NEUTRAL,3.4
1138,NEUTRAL,3.8
1139,ENTAILMENT,5.0
1140,CONTRADICTION,3.6
1141,NEUTRAL,4.4
1142,CONTRADICTION,4.1
1143,NEUTRAL,1.0
1144,NEUTRAL,1.0
1146,NEUTRAL,1.0
1148,NEUTRAL,4.5
1150,ENTAILMENT,4.5
1151,CONTRADICTION,3.9
1152,NEUTRAL,2.8
1156,NEUTRAL,2.7
1158,CONTRADICTION,3.3
1159,NEUTRAL,4.6
1160,ENTAILMENT,3.6
1163,NEUTRAL,4.3
1164,NEUTRAL,3.5
1166,ENTAILMENT,5.0
1168,ENTAILMENT,5.0
1171,NEUTRAL,3.2
1172,ENTAILMENT,3.1
1173,CONTRADICTION,3.2
1174,NEUTRAL,3.2
1176,CONTRADICTION,3.185
1181,NEUTRAL,1.3
1183,NEUTRAL,1.4
1185,NEUTRAL,3.6
1186,NEUTRAL,4.9
1187,ENTAILMENT,3.5
1189,NEUTRAL,2.9
1197,CONTRADICTION,3.8
1198,NEUTRAL,3.565
1199,NEUTRAL,3.3
1201,NEUTRAL,3.7
1203,NEUTRAL,3.7
1204,NEUTRAL,4.0
1208,NEUTRAL,4.4
1209,CONTRADICTION,4.3
1210,NEUTRAL,2.7
1211,NEUTRAL,3.3
1216,CONTRADICTION,3.6
1217,ENTAILMENT,4.3
1218,CONTRADICTION,3.7
1220,NEUTRAL,3.2
1223,NEUTRAL,4.1
1224,ENTAILMENT,4.8
1225,CONTRADICTION,3.5
1226,ENTAILMENT,4.5
1229,NEUTRAL,3.2
1231,NEUTRAL,2.7
1233,ENTAILMENT,4.4
1234,CONTRADICTION,3.8
1235,ENTAILMENT,4.8
1238,NEUTRAL,4.0
1243,CONTRADICTION,3.4
1245,CONTRADICTION,3.065
1247,NEUTRAL,2.9
1250,NEUTRAL,3.0
1252,CONTRADICTION,3.1
1253,ENTAILMENT,4.3
1254,NEUTRAL,3.4
1256,NEUTRAL,1.9
1257,NEUTRAL,1.8
1258,NEUTRAL,2.1
1260,ENTAILMENT,4.9
1261,CONTRADICTION,4.6
1262,ENTAILMENT,4.9
1263,CONTRADICTION,4.1
1264,ENTAILMENT,5.0
1265,CONTRADICTION,3.6
1267,NEUTRAL,4.3
1269,NEUTRAL,3.8
1272,CONTRADICTION,4.4
1277,NEUTRAL,1.2
1278,NEUTRAL,3.5
1279,NEUTRAL,2.7
1281,CONTRADICTION,4.6
1285,NEUTRAL,2.6
1286,NEUTRAL,2.485
1288,CONTRADICTION,3.8
1289,ENTAILMENT,5.0
1290,NEUTRAL,4.0
1295,NEUTRAL,4.3
1296,ENTAILMENT,4.8
1298,ENTAILMENT,3.3
1299,ENTAILMENT,4.0
1300,CONTRADICTION,4.8
1301,NEUTRAL,2.6
1304,NEUTRAL,1.8
1306,NEUTRAL,1.1
1307,NEUTRAL,1.965
1309,ENTAILMENT,4.5
1310,CONTRADICTION,3.8
1312,CONTRADICTION,3.1
1313,NEUTRAL,1.0
1314,NEUTRAL,1.0
1315,NEUTRAL,1.0
1316,NEUTRAL,1.0
1320,ENTAILMENT,3.6
1322,NEUTRAL,2.6
1323,ENTAILMENT,3.6
1324,NEUTRAL,4.2
1325,NEUTRAL,3.5
1327,ENTAILMENT,4.1
1330,NEUTRAL,4.3
1331,ENTAILMENT,4.7
1332,CONTRADICTION,3.0
1334,NEUTRAL,3.5
1337,ENTAILMENT,4.4
1338,NEUTRAL,2.9
1339,ENTAILMENT,4.7
1340,NEUTRAL,4.3
1343,NEUTRAL,3.365
1347,CONTRADICTION,4.0
1348,NEUTRAL,4.8
1349,NEUTRAL,4.2
1351,NEUTRAL,4.4
1353,NEUTRAL,4.3
1356,CONTRADICTION,3.8
1357,NEUTRAL,4.4
1360,ENTAILMENT,4.7
1362,ENTAILMENT,4.2
1363,CONTRADICTION,2.8
1364,ENTAILMENT,4.3
1366,NEUTRAL,5.0
1367,ENTAILMENT,4.1
1369,ENTAILMENT,4.2
1370,CONTRADICTION,4.0
1374,CONTRADICTION,3.4
1375,ENTAILMENT,4.6
1377,CONTRADICTION,3.4
1382,NEUTRAL,4.0
1383,CONTRADICTION,3.3
1391,NEUTRAL,1.2
1392,NEUTRAL,1.1
1393,NEUTRAL,1.4
1394,ENTAILMENT,4.4
1395,NEUTRAL,2.5
1397,CONTRADICTION,4.0
1398,NEUTRAL,3.3
1401,NEUTRAL,3.1
1402,NEUTRAL,3.1
1406,CONTRADICTION,3.5
1411,NEUTRAL,2.4
1413,NEUTRAL,4.0
1416,NEUTRAL,4.3
1418,NEUTRAL,3.6
1420,NEUTRAL,4.3
1422,NEUTRAL,3.2
1423,ENTAILMENT,4.5
1424,CONTRADICTION,3.5
1425,NEUTRAL,1.3
1426,NEUTRAL,1.3
1428,NEUTRAL,1.5
1430,ENTAILMENT,4.7
1433,CONTRADICTION,3.5
1436,NEUTRAL,2.4
1437,NEUTRAL,3.735
1439,NEUTRAL,4.7
1440,CONTRADICTION,4.1
1441,NEUTRAL,4.5
1442,NEUTRAL,3.3
1445,NEUTRAL,2.0
1447,NEUTRAL,2.2
1449,ENTAILMENT,4.0
1450,ENTAILMENT,4.5
1451,CONTRADICTION,4.6
1452,NEUTRAL,1.085
1454,NEUTRAL,1.5
1456,NEUTRAL,1.1
1457,ENTAILMENT,4.5
1459,NEUTRAL,4.5
1460,NEUTRAL,3.7
1462,NEUTRAL,1.1
1465,NEUTRAL,1.1
1468,ENTAILMENT,4.4
1471,NEUTRAL,2.0
1472,NEUTRAL,2.8
1475,NEUTRAL,3.8
1477,NEUTRAL,4.4
1478,CONTRADICTION,3.6
1485,CONTRADICTION,3.4
1490,NEUTRAL,2.9
1491,NEUTRAL,2.6
1492,NEUTRAL,3.6
1496,CONTRADICTION,3.5
1497,ENTAILMENT,4.6
1500,CONTRADICTION,3.7
1502,NEUTRAL,4.5
1507,NEUTRAL,3.4
1508,NEUTRAL,3.4
1510,NEUTRAL,3.1
1512,ENTAILMENT,3.5
1515,NEUTRAL,1.0
1516,NEUTRAL,1.0
1518,NEUTRAL,1.1
1520,ENTAILMENT,4.2
1522,ENTAILMENT,4.1
1526,NEUTRAL,2.2
1528,NEUTRAL,2.865
1529,ENTAILMENT,4.5
1530,NEUTRAL,3.7
1533,NEUTRAL,1.0
1537,NEUTRAL,1.0
1539,CONTRADICTION,3.9
1540,ENTAILMENT,4.2
1542,NEUTRAL,2.3
1543,NEUTRAL,2.5
1544,NEUTRAL,2.3
1546,NEUTRAL,2.1
1548,CONTRADICTION,3.6
1554,CONTRADICTION,2.135
1555,NEUTRAL,4.1
1556,ENTAILMENT,4.3
1560,ENTAILMENT,4.65
1561,NEUTRAL,3.2
1562,NEUTRAL,3.3
1564,NEUTRAL,4.3
1567,ENTAILMENT,3.0
1568,ENTAILMENT,5.0
1569,NEUTRAL,3.6
1571,NEUTRAL,2.8
1572,NEUTRAL,2.8
1577,NEUTRAL,2.7
1578,ENTAILMENT,4.9
1579,CONTRADICTION,4.0
1581,CONTRADICTION,3.9
1583,CONTRADICTION,4.0
1589,ENTAILMENT,4.8
1590,NEUTRAL,3.5
1593,NEUTRAL,4.4
1594,NEUTRAL,3.3
1596,ENTAILMENT,5.0
1597,NEUTRAL,3.5
1598,ENTAILMENT,4.5
1600,ENTAILMENT,3.5
1602,NEUTRAL,3.7
1603,NEUTRAL,3.2
1605,NEUTRAL,3.4
1611,CONTRADICTION,2.7
1613,NEUTRAL,4.0
1616,NEUTRAL,2.1
1617,ENTAILMENT,4.9
1619,ENTAILMENT,4.8
1620,ENTAILMENT,4.6
1622,NEUTRAL,1.7
1623,NEUTRAL,1.5
1624,NEUTRAL,1.3
1630,ENTAILMENT,4.4
1633,NEUTRAL,3.6
1634,CONTRADICTION,3.0
1636,NEUTRAL,2.6
1637,NEUTRAL,3.45
1638,NEUTRAL,2.1
1642,NEUTRAL,3.4
1644,CONTRADICTION,3.9
1645,ENTAILMENT,3.2
1654,CONTRADICTION,3.2
1656,ENTAILMENT,4.9
1658,ENTAILMENT,4.9
1662,ENTAILMENT,3.4
1664,NEUTRAL,4.8
1665,NEUTRAL,3.3
1666,ENTAILMENT,3.5
1667,ENTAILMENT,4.9
1672,NEUTRAL,1.0
1674,NEUTRAL,1.0
1678,CONTRADICTION,3.9
1679,NEUTRAL,3.9
1681,CONTRADICTION,3.5
1683,ENTAILMENT,4.9
1684,CONTRADICTION,3.3
1685,ENTAILMENT,3.1
1686,ENTAILMENT,4.3
1688,NEUTRAL,2.8
1689,ENTAILMENT,4.6
1692,ENTAILMENT,2.4
1693,ENTAILMENT,4.465
1695,ENTAILMENT,4.0
1696,ENTAILMENT,4.2
1698,ENTAILMENT,3.9
1699,ENTAILMENT,4.2
1701,NEUTRAL,1.7
1704,ENTAILMENT,3.4
1709,NEUTRAL,1.4
1710,NEUTRAL,1.2
1713,CONTRADICTION,3.7
1717,ENTAILMENT,5.0
1718,NEUTRAL,3.8
1720,CONTRADICTION,2.6
1722,ENTAILMENT,4.8
1725,ENTAILMENT,4.8
1726,CONTRADICTION,2.9
1727,ENTAILMENT,3.015
1728,NEUTRAL,1.8
1730,NEUTRAL,1.5
1731,NEUTRAL,1.8
1732,NEUTRAL,1.8
1734,NEUTRAL,4.7
1735,CONTRADICTION,3.6
1737,CONTRADICTION,4.0
1738,NEUTRAL,1.3
1739,NEUTRAL,1.0
1740,NEUTRAL,1.0
1742,NEUTRAL,1.0
1743,ENTAILMENT,4.8
1744,CONTRADICTION,3.1
1745,ENTAILMENT,2.8
1746,NEUTRAL,4.5
1748,ENTAILMENT,4.1
1749,ENTAILMENT,3.3
1750,ENTAILMENT,4.2
1752,ENTAILMENT,3.4
1758,CONTRADICTION,3.4
1760,NEUTRAL,3.4
1761,ENTAILMENT,3.7
1762,ENTAILMENT,2.3
1763,NEUTRAL,2.7
1764,ENTAILMENT,4.2
1767,NEUTRAL,2.8
1768,ENTAILMENT,4.4
1769,CONTRADICTION,3.3
1770,ENTAILMENT,3.4
1774,NEUTRAL,3.2
1775,NEUTRAL,2.4
1778,ENTAILMENT,4.4
1779,ENTAILMENT,3.8
1785,NEUTRAL,2.8
1786,NEUTRAL,4.6
1788,NEUTRAL,4.4
1790,CONTRADICTION,3.6
1793,CONTRADICTION,3.3
1794,NEUTRAL,2.5
1795,NEUTRAL,4.0
1796,NEUTRAL,2.8
1797,NEUTRAL,2.3
1799,NEUTRAL,3.5
1800,ENTAILMENT,4.1
1801,ENTAILMENT,4.0
1802,ENTAILMENT,4.9
1803,CONTRADICTION,4.3
1804,NEUTRAL,4.8
1805,CONTRADICTION,4.0
1806,NEUTRAL,2.6
1810,NEUTRAL,3.4
1813,ENTAILMENT,4.9
1816,ENTAILMENT,4.7
1817,CONTRADICTION,4.15
1819,NEUTRAL,3.9
1821,NEUTRAL,2.3
1824,NEUTRAL,2.5
1826,ENTAILMENT,4.9
1827,NEUTRAL,3.6
1828,ENTAILMENT,2.2
1831,ENTAILMENT,3.5
1833,NEUTRAL,1.9
1834,NEUTRAL,1.5
1835,NEUTRAL,2.1
1836,NEUTRAL,1.435
1837,NEUTRAL,1.3
1838,NEUTRAL,2.4
1843,CONTRADICTION,3.835
1845,NEUTRAL,1.0
1848,NEUTRAL,1.0
1850,ENTAILMENT,4.8
1855,NEUTRAL,3.2
1856,NEUTRAL,4.0
1857,NEUTRAL,3.4
1858,NEUTRAL,4.0
1859,ENTAILMENT,4.6
1860,NEUTRAL,3.6
1862,ENTAILMENT,5.0
1863,CONTRADICTION,3.7
1864,ENTAILMENT,2.865
1865,CONTRADICTION,3.8
1867,NEUTRAL,2.6
1868,CONTRADICTION,4.4
1870,NEUTRAL,3.1
1871,CONTRADICTION,4.4
1872,ENTAILMENT,4.8
1875,ENTAILMENT,4.8
1880,ENTAILMENT,2.7
1883,ENTAILMENT,3.0
1885,ENTAILMENT,4.9
1889,NEUTRAL,3.3
1890,ENTAILMENT,2.5
1891,NEUTRAL,4.2
1893,NEUTRAL,2.6
1895,NEUTRAL,3.2
1896,NEUTRAL,3.9
1899,NEUTRAL,3.6
1901,CONTRADICTION,3.5
1902,NEUTRAL,3.1
1903,NEUTRAL,1.0
1905,NEUTRAL,1.0
1906,NEUTRAL,1.1
1911,NEUTRAL,1.75
1913,CONTRADICTION,4.2
1914,NEUTRAL,3.4
1915,NEUTRAL,1.2
1916,NEUTRAL,1.7
1917,NEUTRAL,1.9
1920,NEUTRAL,1.6
1922,ENTAILMENT,4.8
1923,NEUTRAL,3.2
1924,NEUTRAL,3.4
1925,ENTAILMENT,5.0
1926,CONTRADICTION,3.6
1928,NEUTRAL,1.0
1929,NEUTRAL,1.0
1930,NEUTRAL,1.0
1931,NEUTRAL,1.0
1932,NEUTRAL,1.0
1933,NEUTRAL,1.0
1937,ENTAILMENT,4.3
1938,NEUTRAL,3.5
1941,NEUTRAL,1.0
1945,CONTRADICTION,4.0
1947,NEUTRAL,3.8
1950,NEUTRAL,1.4
1951,CONTRADICTION,1.4
1953,ENTAILMENT,4.6
1956,ENTAILMENT,4.9
1957,ENTAILMENT,2.8
1958,NEUTRAL,1.0
1959,NEUTRAL,1.0
1960,NEUTRAL,1.0
1962,NEUTRAL,1.0
1965,CONTRADICTION,3.9
1966,NEUTRAL,2.1
1968,CONTRADICTION,3.8
1971,NEUTRAL,2.9
1973,ENTAILMENT,4.4
1976,ENTAILMENT,4.7
1977,ENTAILMENT,4.2
1979,ENTAILMENT,2.8
1980,ENTAILMENT,4.9
1982,NEUTRAL,1.0
1983,NEUTRAL,1.0
1985,NEUTRAL,1.0
1986,NEUTRAL,1.0
1990,NEUTRAL,2.8
1995,NEUTRAL,3.0
1997,NEUTRAL,3.4
1998,NEUTRAL,3.4
2002,ENTAILMENT,4.4
2003,NEUTRAL,3.7
2010,NEUTRAL,2.4
2013,NEUTRAL,2.1
2017,ENTAILMENT,5.0
2021,NEUTRAL,2.0
2022,NEUTRAL,1.5
2026,NEUTRAL,2.7
2028,NEUTRAL,3.1
2031,CONTRADICTION,4.0
2032,CONTRADICTION,3.3
2033,NEUTRAL,3.2
2034,NEUTRAL,2.7
2036,NEUTRAL,3.8
2039,NEUTRAL,4.1
2042,NEUTRAL,3.7
2043,ENTAILMENT,5.0
2044,CONTRADICTION,3.5
2046,NEUTRAL,1.0
2048,NEUTRAL,1.0
2050,NEUTRAL,1.4
2053,NEUTRAL,4.8
2054,NEUTRAL,3.25
2057,CONTRADICTION,3.1
2060,ENTAILMENT,4.9
2062,ENTAILMENT,3.4
2063,NEUTRAL,4.8
2065,CONTRADICTION,3.1
2069,NEUTRAL,3.9
2071,ENTAILMENT,3.9
2074,ENTAILMENT,4.1
2077,NEUTRAL,3.6
2083,NEUTRAL,2.6
2085,NEUTRAL,2.8
2093,ENTAILMENT,4.2
2095,NEUTRAL,1.0
2099,NEUTRAL,1.6
2101,ENTAILMENT,4.2
2106,ENTAILMENT,3.6
2108,NEUTRAL,1.5
2110,NEUTRAL,1.1
2111,NEUTRAL,1.1
2114,NEUTRAL,4.2
2116,ENTAILMENT,3.7
2120,ENTAILMENT,4.4
2126,NEUTRAL,4.3
2127,ENTAILMENT,4.7
2128,CONTRADICTION,3.8
2129,ENTAILMENT,5.0
2131,NEUTRAL,4.2
2133,NEUTRAL,4.5
2134,CONTRADICTION,3.2
2135,NEUTRAL,4.1
2137,CONTRADICTION,2.8
2138,NEUTRAL,3.5
2140,CONTRADICTION,3.8
2142,NEUTRAL,3.1
2143,NEUTRAL,3.1
2147,NEUTRAL,2.2
2149,ENTAILMENT,4.7
2151,NEUTRAL,3.4
2152,ENTAILMENT,5.0
2154,ENTAILMENT,4.0
2155,NEUTRAL,3.8
2156,NEUTRAL,2.5
2158,NEUTRAL,3.2
2159,NEUTRAL,2.5
2160,NEUTRAL,2.7
2161,NEUTRAL,3.4
2168,ENTAILMENT,4.9
2169,NEUTRAL,4.05
2173,NEUTRAL,3.2
2174,ENTAILMENT,5.0
2177,CONTRADICTION,3.0
2178,ENTAILMENT,4.2
2182,ENTAILMENT,4.5
2185,CONTRADICTION,4.0
2186,ENTAILMENT,4.5
2187,CONTRADICTION,4.2
2189,ENTAILMENT,3.5
2190,ENTAILMENT,4.7
2191,ENTAILMENT,5.0
2193,NEUTRAL,3.3
2194,ENTAILMENT,4.4
2197,CONTRADICTION,3.1
2200,NEUTRAL,3.0
2201,ENTAILMENT,3.9
2204,NEUTRAL,3.5
2206,NEUTRAL,3.7
2209,NEUTRAL,3.7
2211,NEUTRAL,4.5
2214,NEUTRAL,4.4
2216,NEUTRAL,3.8
2219,CONTRADICTION,3.8
2220,ENTAILMENT,4.4
2223,NEUTRAL,3.4
2224,NEUTRAL,2.6
2225,ENTAILMENT,4.1
2227,CONTRADICTION,3.0
2230,ENTAILMENT,4.2
2237,ENTAILMENT,4.5
2241,NEUTRAL,3.75
2244,NEUTRAL,3.2
2245,ENTAILMENT,3.8
2246,ENTAILMENT,4.6
2248,ENTAILMENT,5.0
2249,CONTRADICTION,3.9
2254,ENTAILMENT,4.8
2255,ENTAILMENT,4.6
2256,NEUTRAL,3.1
2257,ENTAILMENT,4.7
2258,CONTRADICTION,4.1
2262,NEUTRAL,2.8
2265,CONTRADICTION,4.0
2267,CONTRADICTION,3.6
2268,ENTAILMENT,3.9
2269,CONTRADICTION,3.6
2270,ENTAILMENT,4.1
2271,CONTRADICTION,3.7
2273,ENTAILMENT,5.0
2276,NEUTRAL,3.0
2278,ENTAILMENT,3.2
2279,ENTAILMENT,3.1
2280,NEUTRAL,3.1
2283,CONTRADICTION,4.2
2285,CONTRADICTION,4.0
2290,ENTAILMENT,5.0
2292,CONTRADICTION,3.3
2293,ENTAILMENT,4.3
2294,NEUTRAL,3.5
2295,ENTAILMENT,4.1
2296,NEUTRAL,3.435
2298,CONTRADICTION,3.9
2300,ENTAILMENT,4.7
2301,NEUTRAL,3.6
2306,NEUTRAL,3.5
2312,NEUTRAL,4.3
2313,CONTRADICTION,3.0
2320,NEUTRAL,3.55
2321,ENTAILMENT,4.265
2323,NEUTRAL,3.6
2324,NEUTRAL,3.4
2325,ENTAILMENT,4.9
2326,CONTRADICTION,3.3
2328,ENTAILMENT,4.8
2331,ENTAILMENT,4.8
2335,ENTAILMENT,4.8
2336,CONTRADICTION,3.2
2337,ENTAILMENT,5.0
2342,NEUTRAL,3.3
2343,NEUTRAL,4.3
2345,ENTAILMENT,4.4
2346,ENTAILMENT,5.0
2347,NEUTRAL,3.9
2349,ENTAILMENT,4.8
2353,NEUTRAL,3.6
2354,NEUTRAL,2.4
2355,NEUTRAL,2.2
2356,NEUTRAL,3.7
2357,NEUTRAL,4.8
2361,CONTRADICTION,3.1
2367,ENTAILMENT,4.1
2370,ENTAILMENT,4.9
2371,CONTRADICTION,4.2
2372,ENTAILMENT,4.3
2373,CONTRADICTION,3.8
2376,ENTAILMENT,4.6
2378,NEUTRAL,3.4
2379,ENTAILMENT,5.0
2380,CONTRADICTION,3.5
2382,CONTRADICTION,2.7
2384,NEUTRAL,2.5
2387,NEUTRAL,4.1
2389,ENTAILMENT,4.3
2390,CONTRADICTION,2.9
2393,NEUTRAL,4.3
2394,NEUTRAL,3.6
2395,NEUTRAL,3.8
2396,ENTAILMENT,5.0
2398,CONTRADICTION,3.4
2399,ENTAILMENT,4.7
2403,ENTAILMENT,4.4
2406,NEUTRAL,5.0
2408,ENTAILMENT,4.8
2411,NEUTRAL,1.6
2412,NEUTRAL,2.2
2416,CONTRADICTION,3.9
2417,ENTAILMENT,4.5
2418,ENTAILMENT,4.7
2419,CONTRADICTION,3.7
2420,NEUTRAL,4.3
2421,NEUTRAL,3.6
2424,NEUTRAL,4.0
2425,NEUTRAL,4.25
2427,NEUTRAL,2.4
2428,ENTAILMENT,4.7
2432,NEUTRAL,3.3
2433,NEUTRAL,2.7
2434,NEUTRAL,4.5
2435,ENTAILMENT,4.7
2437,ENTAILMENT,4.3
2439,CONTRADICTION,2.9
2442,ENTAILMENT,4.2
2443,NEUTRAL,1.5
2444,ENTAILMENT,3.5
2446,ENTAILMENT,4.5
2448,ENTAILMENT,2.9
2449,NEUTRAL,4.8
2451,NEUTRAL,2.1
2452,NEUTRAL,4.8
2453,ENTAILMENT,3.7
2454,ENTAILMENT,2.1
2460,NEUTRAL,3.0
2461,ENTAILMENT,4.3
2462,CONTRADICTION,3.8
2463,ENTAILMENT,4.2
2464,NEUTRAL,3.2
2468,ENTAILMENT,4.6
2469,NEUTRAL,3.8
2470,ENTAILMENT,4.9
2471,NEUTRAL,3.9
2473,NEUTRAL,2.3
2475,NEUTRAL,2.1
2477,ENTAILMENT,4.3
2478,NEUTRAL,4.1
2479,ENTAILMENT,4.9
2480,CONTRADICTION,3.2
2481,ENTAILMENT,3.0
2482,NEUTRAL,3.2
2483,NEUTRAL,2.4
2484,NEUTRAL,2.0
2487,NEUTRAL,3.3
2489,CONTRADICTION,3.3
2490,NEUTRAL,2.7
2492,NEUTRAL,2.3
2493,NEUTRAL,2.8
2498,ENTAILMENT,4.9
2501,NEUTRAL,1.3
2502,NEUTRAL,1.6
2503,NEUTRAL,1.0
2504,NEUTRAL,1.0
2507,CONTRADICTION,3.7
2511,NEUTRAL,4.1
2512,NEUTRAL,3.7
2513,NEUTRAL,4.335
2516,NEUTRAL,4.4
2517,ENTAILMENT,4.465
2519,ENTAILMENT,4.8
2520,CONTRADICTION,3.6
2522,NEUTRAL,4.1
2523,CONTRADICTION,4.4
2524,NEUTRAL,2.9
2526,NEUTRAL,4.1
2528,ENTAILMENT,4.6
2531,NEUTRAL,2.7
2532,ENTAILMENT,4.6
2533,NEUTRAL,3.8
2534,ENTAILMENT,4.7
2536,ENTAILMENT,4.4
2537,ENTAILMENT,4.8
2541,ENTAILMENT,3.8
2542,CONTRADICTION,3.7
2546,ENTAILMENT,4.4
2547,CONTRADICTION,2.8
2548,ENTAILMENT,4.9
2550,ENTAILMENT,4.5
2552,ENTAILMENT,4.4
2556,NEUTRAL,3.4
2558,NEUTRAL,3.4
2559,ENTAILMENT,4.0
2560,NEUTRAL,3.2
2562,NEUTRAL,3.1
2563,ENTAILMENT,4.6
2564,NEUTRAL,4.3
2565,CONTRADICTION,3.8
2567,NEUTRAL,2.8
2568,NEUTRAL,2.9
2570,NEUTRAL,2.4
2571,NEUTRAL,2.9
2573,ENTAILMENT,4.9
2575,ENTAILMENT,5.0
2576,CONTRADICTION,3.4
2580,CONTRADICTION,4.2
2581,ENTAILMENT,4.4
2584,ENTAILMENT,4.7
2585,CONTRADICTION,4.1
2586,ENTAILMENT,4.7
2587,NEUTRAL,4.1
2595,ENTAILMENT,5.0
2598,NEUTRAL,4.2
2600,NEUTRAL,3.7
2603,CONTRADICTION,3.9
2605,CONTRADICTION,4.0
2607,NEUTRAL,4.2
2609,NEUTRAL,3.4
2610,NEUTRAL,4.6
2611,CONTRADICTION,2.5
2612,NEUTRAL,4.4
2613,ENTAILMENT,4.6
2614,CONTRADICTION,3.5
2616,NEUTRAL,3.2
2617,NEUTRAL,4.7
2618,NEUTRAL,3.0
2620,CONTRADICTION,3.2
2621,NEUTRAL,4.6
2624,NEUTRAL,3.9
2629,ENTAILMENT,4.9
2631,ENTAILMENT,4.5
2633,ENTAILMENT,4.6
2635,ENTAILMENT,4.7
2639,NEUTRAL,3.1
2641,ENTAILMENT,4.4
2642,NEUTRAL,2.3
2644,ENTAILMENT,5.0
2645,CONTRADICTION,3.7
2646,ENTAILMENT,4.9
2647,CONTRADICTION,4.3
2648,NEUTRAL,2.3
2649,NEUTRAL,3.4
2652,NEUTRAL,3.0
2653,ENTAILMENT,4.9
2658,NEUTRAL,3.2
2659,CONTRADICTION,1.9
2661,NEUTRAL,1.865
2663,NEUTRAL,1.9
2665,NEUTRAL,3.0
2667,CONTRADICTION,3.8
2669,NEUTRAL,3.7
2671,NEUTRAL,3.5
2674,NEUTRAL,4.1
2676,NEUTRAL,3.6
2677,NEUTRAL,3.0
2681,ENTAILMENT,4.2
2683,ENTAILMENT,4.2
2685,CONTRADICTION,3.7
2686,ENTAILMENT,4.9
2690,NEUTRAL,2.8
2693,ENTAILMENT,4.7
2694,CONTRADICTION,3.2
2695,ENTAILMENT,4.5
2697,ENTAILMENT,4.3
2698,CONTRADICTION,4.3
2699,ENTAILMENT,4.3
2700,NEUTRAL,3.3
2706,ENTAILMENT,4.4
2717,NEUTRAL,3.4
2719,NEUTRAL,3.5
2723,CONTRADICTION,3.2
2725,NEUTRAL,3.565
2727,NEUTRAL,2.6
2729,NEUTRAL,1.6
2732,NEUTRAL,1.9
2733,ENTAILMENT,4.9
2736,CONTRADICTION,3.2
2737,NEUTRAL,3.4
2740,NEUTRAL,2.6
2742,ENTAILMENT,4.9
2743,CONTRADICTION,3.8
2745,NEUTRAL,3.6
2746,ENTAILMENT,4.4
2747,NEUTRAL,2.8
2749,CONTRADICTION,3.6
2750,ENTAILMENT,4.7
2753,NEUTRAL,4.7
2759,ENTAILMENT,4.165
2760,ENTAILMENT,4.0
2762,NEUTRAL,4.8
2767,NEUTRAL,3.0
2769,ENTAILMENT,4.9
2771,ENTAILMENT,3.515
2773,NEUTRAL,3.2
2780,ENTAILMENT,4.9
2781,NEUTRAL,3.8
2782,ENTAILMENT,4.8
2785,CONTRADICTION,2.6
2786,ENTAILMENT,4.5
2790,CONTRADICTION,4.4
2793,ENTAILMENT,4.4
2794,NEUTRAL,2.8
2796,NEUTRAL,3.6
2798,ENTAILMENT,4.5
2801,CONTRADICTION,3.335
2804,NEUTRAL,2.3
2805,NEUTRAL,1.6
2806,NEUTRAL,1.9
2808,NEUTRAL,3.8
2810,NEUTRAL,3.9
2814,NEUTRAL,2.7
2816,ENTAILMENT,4.7
2819,ENTAILMENT,4.5
2820,NEUTRAL,3.9
2823,NEUTRAL,2.2
2824,NEUTRAL,2.9
2825,NEUTRAL,2.4
2826,NEUTRAL,3.3
2830,CONTRADICTION,4.1
2831,ENTAILMENT,4.4
2832,NEUTRAL,3.8
2833,ENTAILMENT,4.4
2834,ENTAILMENT,3.3
2835,ENTAILMENT,4.1
2836,ENTAILMENT,4.5
2840,ENTAILMENT,4.1
2841,NEUTRAL,2.2
2843,CONTRADICTION,4.3
2846,CONTRADICTION,3.7
2847,ENTAILMENT,4.3
2848,CONTRADICTION,3.6
2849,ENTAILMENT,3.9
2852,CONTRADICTION,3.0
2855,CONTRADICTION,3.9
2858,NEUTRAL,4.4
2859,NEUTRAL,3.3
2866,ENTAILMENT,3.465
2869,ENTAILMENT,3.8
2871,NEUTRAL,4.1
2872,ENTAILMENT,4.5
2873,CONTRADICTION,4.4
2876,ENTAILMENT,4.8
2877,CONTRADICTION,3.4
2878,ENTAILMENT,4.5
2880,ENTAILMENT,4.8
2882,NEUTRAL,3.8
2884,CONTRADICTION,4.2
2885,ENTAILMENT,5.0
2887,ENTAILMENT,4.6
2888,NEUTRAL,3.2
2889,ENTAILMENT,5.0
2892,ENTAILMENT,4.9
2893,CONTRADICTION,4.0
2895,CONTRADICTION,4.2
2897,NEUTRAL,3.8
2901,ENTAILMENT,4.9
2902,NEUTRAL,2.6
2904,NEUTRAL,3.1
2906,NEUTRAL,2.5
2912,NEUTRAL,4.4
2914,NEUTRAL,4.1
2921,NEUTRAL,3.4
2922,NEUTRAL,3.1
2923,NEUTRAL,3.7
2925,NEUTRAL,3.8
2928,ENTAILMENT,4.7
2929,CONTRADICTION,3.7
2931,NEUTRAL,2.5
2934,NEUTRAL,3.4
2940,NEUTRAL,4.0
2942,NEUTRAL,2.8
2944,NEUTRAL,3.3
2946,ENTAILMENT,5.0
2947,CONTRADICTION,3.3
2948,ENTAILMENT,5.0
2949,CONTRADICTION,3.6
2950,ENTAILMENT,4.3
2953,ENTAILMENT,3.135
2954,ENTAILMENT,4.3
2962,NEUTRAL,4.2
2963,ENTAILMENT,4.5
2973,NEUTRAL,4.1
2975,ENTAILMENT,4.6
2978,ENTAILMENT,4.7
2979,CONTRADICTION,2.8
2982,NEUTRAL,3.8
2985,NEUTRAL,3.0
2986,NEUTRAL,4.6
2987,CONTRADICTION,3.7
2990,ENTAILMENT,3.9
2991,NEUTRAL,2.1
2993,ENTAILMENT,3.2
2999,NEUTRAL,3.6
3000,NEUTRAL,3.6
3001,NEUTRAL,2.9
3003,NEUTRAL,3.9
3004,ENTAILMENT,5.0
3006,ENTAILMENT,4.6
3008,ENTAILMENT,3.4
3009,ENTAILMENT,4.2
3011,NEUTRAL,4.4
3012,ENTAILMENT,4.0
3013,CONTRADICTION,3.3
3017,ENTAILMENT,4.6
3020,NEUTRAL,3.1
3021,NEUTRAL,3.6
3023,NEUTRAL,3.8
3025,CONTRADICTION,3.8
3026,NEUTRAL,4.7
3028,NEUTRAL,4.4
3029,CONTRADICTION,3.8
3030,NEUTRAL,4.1
3032,NEUTRAL,4.3
3034,CONTRADICTION,3.6
3035,ENTAILMENT,5.0
3037,ENTAILMENT,4.6
3040,CONTRADICTION,4.0
3044,ENTAILMENT,4.8
3045,CONTRADICTION,3.4
3048,NEUTRAL,4.0
3051,ENTAILMENT,5.0
3052,CONTRADICTION,3.2
3053,ENTAILMENT,5.0
3055,ENTAILMENT,5.0
3056,NEUTRAL,3.6
3057,ENTAILMENT,4.5
3058,CONTRADICTION,3.7
3060,ENTAILMENT,4.65
3063,ENTAILMENT,4.9
3064,CONTRADICTION,3.6
3066,CONTRADICTION,3.6
3067,ENTAILMENT,4.1
3070,ENTAILMENT,4.4
3074,CONTRADICTION,4.1
3075,ENTAILMENT,4.8
3076,ENTAILMENT,3.8
3077,ENTAILMENT,4.3
3078,CONTRADICTION,3.7
3080,ENTAILMENT,4.9
3082,ENTAILMENT,4.7
3083,CONTRADICTION,3.0
3084,NEUTRAL,2.9
3086,ENTAILMENT,3.0
3087,NEUTRAL,2.4
3088,NEUTRAL,2.8
3089,ENTAILMENT,4.1
3090,CONTRADICTION,3.6
3093,NEUTRAL,3.5
3095,NEUTRAL,2.9
3096,CONTRADICTION,2.935
3099,CONTRADICTION,3.1
3101,ENTAILMENT,5.0
3103,ENTAILMENT,4.7
3104,NEUTRAL,1.7
3106,CONTRADICTION,4.3
3108,ENTAILMENT,4.65
3109,ENTAILMENT,4.9
3112,NEUTRAL,3.2
3113,ENTAILMENT,4.4
3115,ENTAILMENT,4.55
3116,CONTRADICTION,3.3
3117,ENTAILMENT,4.7
3118,ENTAILMENT,4.6
3119,CONTRADICTION,3.5
3120,ENTAILMENT,4.9
3124,ENTAILMENT,4.3
3125,NEUTRAL,3.8
3127,ENTAILMENT,4.9
3128,NEUTRAL,3.0
3131,NEUTRAL,2.3
3133,NEUTRAL,2.5
3135,NEUTRAL,2.5
3136,NEUTRAL,4.365
3137,CONTRADICTION,4.265
3138,NEUTRAL,3.1
3139,ENTAILMENT,4.3
3141,NEUTRAL,3.2
3142,NEUTRAL,3.2
3144,NEUTRAL,3.4
3145,NEUTRAL,3.2
3146,NEUTRAL,3.8
3147,ENTAILMENT,4.5
3148,NEUTRAL,4.3
3149,ENTAILMENT,5.0
3151,ENTAILMENT,3.8
3152,CONTRADICTION,3.0
3154,NEUTRAL,3.5
3155,NEUTRAL,4.2
3159,CONTRADICTION,3.5
3160,NEUTRAL,3.4
3163,NEUTRAL,3.4
3167,ENTAILMENT,4.5
3168,NEUTRAL,3.1
3169,ENTAILMENT,5.0
3171,ENTAILMENT,4.7
3172,CONTRADICTION,3.6
3173,NEUTRAL,4.0
3175,NEUTRAL,4.2
3176,ENTAILMENT,4.9
3177,NEUTRAL,3.1
3178,ENTAILMENT,4.8
3179,CONTRADICTION,4.4
3180,ENTAILMENT,4.2
3183,NEUTRAL,3.3
3184,ENTAILMENT,4.7
3185,ENTAILMENT,4.9
3189,NEUTRAL,3.1
3190,NEUTRAL,1.7
3191,NEUTRAL,3.0
3193,NEUTRAL,3.0
3194,ENTAILMENT,5.0
3195,CONTRADICTION,4.0
3196,ENTAILMENT,4.9
3197,CONTRADICTION,3.9
3198,ENTAILMENT,4.4
3199,CONTRADICTION,3.4
3204,NEUTRAL,3.6
3205,ENTAILMENT,4.9
3206,CONTRADICTION,3.6
3207,ENTAILMENT,4.9
3209,ENTAILMENT,4.6
3210,ENTAILMENT,3.3
3211,ENTAILMENT,4.8
3212,ENTAILMENT,4.8
3215,CONTRADICTION,2.4
3216,NEUTRAL,4.6
3219,NEUTRAL,3.4
3220,ENTAILMENT,4.6
3225,ENTAILMENT,3.4
3226,NEUTRAL,2.1
3229,ENTAILMENT,3.5
3231,CONTRADICTION,3.4
3233,NEUTRAL,4.0
3234,NEUTRAL,2.7
3235,NEUTRAL,3.3
3236,NEUTRAL,2.7
3237,NEUTRAL,3.2
3239,ENTAILMENT,4.6
3240,CONTRADICTION,3.2
3241,ENTAILMENT,4.3
3244,NEUTRAL,1.7
3245,NEUTRAL,4.3
3246,NEUTRAL,3.5
3247,NEUTRAL,4.4
3249,NEUTRAL,3.4
3251,NEUTRAL,4.0
3259,ENTAILMENT,4.8
3263,ENTAILMENT,5.0
3266,NEUTRAL,4.5
3267,CONTRADICTION,3.2
3268,NEUTRAL,4.8
3269,CONTRADICTION,3.2
3270,NEUTRAL,3.8
3276,CONTRADICTION,3.7
3279,ENTAILMENT,3.0
3282,NEUTRAL,3.1
3284,NEUTRAL,3.6
3289,NEUTRAL,3.465
3290,NEUTRAL,1.9
3293,CONTRADICTION,1.6
3295,ENTAILMENT,5.0
3296,NEUTRAL,3.4
3297,NEUTRAL,4.6
3300,ENTAILMENT,3.8
3301,ENTAILMENT,3.0
3302,ENTAILMENT,4.2
3305,ENTAILMENT,4.4
3306,ENTAILMENT,4.4
3307,NEUTRAL,2.9
3308,ENTAILMENT,4.9
3309,CONTRADICTION,3.8
3310,ENTAILMENT,4.5
3312,ENTAILMENT,3.9
3315,ENTAILMENT,4.8
3317,ENTAILMENT,4.7
3318,CONTRADICTION,3.7
3320,ENTAILMENT,4.735
3323,ENTAILMENT,4.4
3326,ENTAILMENT,4.9
3328,ENTAILMENT,4.9
3331,NEUTRAL,2.9
3333,NEUTRAL,1.2
3334,NEUTRAL,1.9
3335,ENTAILMENT,4.5
3337,ENTAILMENT,4.7
3341,NEUTRAL,3.1
3343,NEUTRAL,2.6
3348,ENTAILMENT,4.9
3350,NEUTRAL,4.4
3352,NEUTRAL,3.0
3354,NEUTRAL,4.4
3355,ENTAILMENT,4.6
3360,NEUTRAL,4.0
3365,CONTRADICTION,3.5
3377,CONTRADICTION,3.9
3379,NEUTRAL,1.4
3380,NEUTRAL,1.4
3381,NEUTRAL,1.7
3383,NEUTRAL,1.4
3387,CONTRADICTION,3.5
3388,NEUTRAL,4.6
3390,ENTAILMENT,4.9
3391,CONTRADICTION,4.3
3392,ENTAILMENT,4.9
3393,ENTAILMENT,4.8
3394,CONTRADICTION,3.2
3399,NEUTRAL,4.2
3401,NEUTRAL,3.9
3402,ENTAILMENT,4.7
3403,CONTRADICTION,3.8
3404,ENTAILMENT,5.0
3406,ENTAILMENT,4.4
3408,ENTAILMENT,4.6
3409,NEUTRAL,4.1
3410,ENTAILMENT,4.7
3415,ENTAILMENT,2.7
3417,NEUTRAL,2.5
3419,NEUTRAL,2.4
3421,NEUTRAL,3.4
3423,CONTRADICTION,3.8
3430,NEUTRAL,3.2
3431,NEUTRAL,1.5
3434,CONTRADICTION,3.4
3439,ENTAILMENT,4.2
3441,ENTAILMENT,4.8
3442,NEUTRAL,4.1
3445,CONTRADICTION,3.2
3446,ENTAILMENT,3.3
3447,NEUTRAL,3.7
3449,NEUTRAL,4.4
3450,NEUTRAL,3.6
3455,ENTAILMENT,4.0
3456,CONTRADICTION,3.7
3457,ENTAILMENT,3.7
3458,CONTRADICTION,3.1
3463,NEUTRAL,3.8
3464,ENTAILMENT,4.6
3466,ENTAILMENT,4.5
3469,ENTAILMENT,4.3
3470,NEUTRAL,1.5
3473,NEUTRAL,3.45
3474,NEUTRAL,1.7
3475,NEUTRAL,2.4
3476,NEUTRAL,1.5
3477,NEUTRAL,1.1
3478,NEUTRAL,2.1
3481,CONTRADICTION,3.3
3482,NEUTRAL,3.2
3483,ENTAILMENT,4.8
3489,NEUTRAL,3.8
3490,CONTRADICTION,3.9
3493,ENTAILMENT,5.0
3497,NEUTRAL,3.9
3498,NEUTRAL,3.835
3499,NEUTRAL,2.6
3502,CONTRADICTION,4.4
3506,ENTAILMENT,4.9
3509,CONTRADICTION,2.9
3513,ENTAILMENT,4.9
3515,ENTAILMENT,4.7
3519,NEUTRAL,3.6
3520,NEUTRAL,3.1
3521,NEUTRAL,3.5
3522,ENTAILMENT,4.9
3523,CONTRADICTION,3.615
3524,ENTAILMENT,4.9
3525,CONTRADICTION,3.4
3526,NEUTRAL,3.2
3527,ENTAILMENT,4.6
3531,NEUTRAL,3.0
3532,ENTAILMENT,4.5
3535,ENTAILMENT,2.7
3540,NEUTRAL,3.915
3545,NEUTRAL,3.1
3550,NEUTRAL,2.1
3551,NEUTRAL,2.4
3553,ENTAILMENT,4.6
3555,NEUTRAL,4.6
3557,NEUTRAL,3.1
3558,NEUTRAL,4.1
3559,CONTRADICTION,2.6
3560,NEUTRAL,3.1
3562,CONTRADICTION,4.2
3563,ENTAILMENT,4.4
3564,ENTAILMENT,4.7
3570,NEUTRAL,3.5
3573,NEUTRAL,2.8
3575,ENTAILMENT,4.8
3578,CONTRADICTION,4.0
3581,NEUTRAL,2.4
3583,NEUTRAL,3.035
3585,CONTRADICTION,4.3
3587,NEUTRAL,3.5
3588,NEUTRAL,4.7
3590,ENTAILMENT,4.8
3591,CONTRADICTION,4.5
3593,ENTAILMENT,4.5
3594,NEUTRAL,2.8
3595,ENTAILMENT,4.9
3596,CONTRADICTION,4.1
3597,ENTAILMENT,2.8
3599,ENTAILMENT,3.8
3600,ENTAILMENT,4.1
3601,ENTAILMENT,4.3
3604,ENTAILMENT,5.0
3605,NEUTRAL,3.4
3606,ENTAILMENT,4.9
3608,ENTAILMENT,3.1
3609,NEUTRAL,3.1
3610,NEUTRAL,2.6
3612,ENTAILMENT,2.5
3613,NEUTRAL,2.2
3615,ENTAILMENT,4.9
3616,CONTRADICTION,3.5
3617,ENTAILMENT,4.5
3619,ENTAILMENT,4.3
3621,ENTAILMENT,4.1
3622,CONTRADICTION,3.9
3628,NEUTRAL,3.535
3631,ENTAILMENT,2.6
3632,ENTAILMENT,4.2
3634,ENTAILMENT,4.4
3636,CONTRADICTION,2.1
3637,ENTAILMENT,5.0
3641,NEUTRAL,4.2
3642,NEUTRAL,3.2
3644,ENTAILMENT,4.3
3645,NEUTRAL,3.6
3648,CONTRADICTION,4.0
3652,NEUTRAL,3.285
3654,NEUTRAL,2.9
3655,NEUTRAL,3.5
3656,NEUTRAL,3.3
3659,NEUTRAL,4.8
3660,NEUTRAL,3.8
3662,NEUTRAL,1.8
3663,NEUTRAL,2.4
3664,NEUTRAL,2.6
3665,NEUTRAL,2.3
3667,NEUTRAL,3.1
3671,NEUTRAL,2.3
3674,NEUTRAL,2.7
3675,NEUTRAL,2.0
3676,NEUTRAL,3.6
3677,ENTAILMENT,4.6
3678,NEUTRAL,2.5
3679,ENTAILMENT,4.8
3681,ENTAILMENT,4.6
3683,NEUTRAL,3.8
3688,ENTAILMENT,4.8
3698,ENTAILMENT,5.0
3700,CONTRADICTION,3.6
3704,ENTAILMENT,3.0
3706,ENTAILMENT,3.6
3714,NEUTRAL,3.6
3715,NEUTRAL,3.2
3716,ENTAILMENT,4.6
3717,CONTRADICTION,3.1
3722,CONTRADICTION,3.9
3723,ENTAILMENT,3.7
3724,CONTRADICTION,3.0
3726,CONTRADICTION,3.1
3729,NEUTRAL,4.1
3730,NEUTRAL,3.9
3731,ENTAILMENT,4.8
3732,NEUTRAL,3.4
3734,NEUTRAL,3.5
3735,NEUTRAL,3.1
3738,NEUTRAL,3.2
3741,ENTAILMENT,4.5
3744,CONTRADICTION,3.7
3745,NEUTRAL,3.2
3749,NEUTRAL,3.6
3754,ENTAILMENT,4.5
3757,CONTRADICTION,3.4
3760,CONTRADICTION,3.5
3763,ENTAILMENT,5.0
3764,NEUTRAL,3.1
3768,ENTAILMENT,4.9
3769,ENTAILMENT,3.3
3771,CONTRADICTION,3.7
3772,ENTAILMENT,4.9
3773,CONTRADICTION,3.7
3775,ENTAILMENT,3.6
3778,NEUTRAL,2.8
3782,ENTAILMENT,2.8
3786,NEUTRAL,4.0
3787,NEUTRAL,2.3
3791,NEUTRAL,3.6
3792,ENTAILMENT,4.8
3793,CONTRADICTION,4.2
3794,NEUTRAL,3.2
3796,NEUTRAL,3.8
3798,ENTAILMENT,4.665
3802,CONTRADICTION,3.7
3806,NEUTRAL,4.3
3808,NEUTRAL,2.25
3810,NEUTRAL,2.4
3811,NEUTRAL,2.7
3813,CONTRADICTION,3.2
3815,ENTAILMENT,5.0
3816,NEUTRAL,4.2
3817,ENTAILMENT,4.9
3818,NEUTRAL,3.3
3819,NEUTRAL,4.4
3822,NEUTRAL,4.4
3824,NEUTRAL,4.0
3829,ENTAILMENT,4.8
3830,NEUTRAL,3.4
3832,ENTAILMENT,4.8
3833,CONTRADICTION,3.9
3835,CONTRADICTION,3.2
3837,ENTAILMENT,4.4
3841,NEUTRAL,4.0
3842,ENTAILMENT,4.3
3843,ENTAILMENT,4.5
3848,ENTAILMENT,4.3
3849,CONTRADICTION,3.0
3850,ENTAILMENT,3.9
3851,NEUTRAL,3.4
3854,ENTAILMENT,4.435
3858,NEUTRAL,4.1
3859,NEUTRAL,3.8
3863,NEUTRAL,2.7
3865,ENTAILMENT,4.7
3867,ENTAILMENT,5.0
3875,ENTAILMENT,4.3
3876,NEUTRAL,4.5
3877,NEUTRAL,2.5
3878,ENTAILMENT,5.0
3879,CONTRADICTION,3.9
3881,CONTRADICTION,3.2
3888,NEUTRAL,2.8
3889,NEUTRAL,2.4
3890,NEUTRAL,2.4
3891,NEUTRAL,3.4
3894,ENTAILMENT,5.0
3896,NEUTRAL,4.8
3900,NEUTRAL,3.7
3902,NEUTRAL,3.4
3906,NEUTRAL,2.5
3907,ENTAILMENT,4.2
3911,ENTAILMENT,4.2
3913,CONTRADICTION,3.6
3916,ENTAILMENT,4.1
3918,ENTAILMENT,4.3
3919,CONTRADICTION,3.4
3923,ENTAILMENT,3.7
3925,NEUTRAL,3.3
3926,NEUTRAL,2.9
3927,NEUTRAL,2.1
3928,NEUTRAL,1.8
3931,NEUTRAL,1.6
3932,NEUTRAL,2.2
3933,NEUTRAL,2.2
3937,NEUTRAL,2.4
3944,CONTRADICTION,3.5
3945,ENTAILMENT,4.6
3946,CONTRADICTION,3.6
3950,CONTRADICTION,3.1
3952,ENTAILMENT,4.9
3953,NEUTRAL,3.5
3954,ENTAILMENT,4.9
3959,NEUTRAL,2.2
3960,ENTAILMENT,4.4
3962,ENTAILMENT,4.2
3963,ENTAILMENT,4.9
3964,NEUTRAL,3.9
3965,ENTAILMENT,4.8
3966,CONTRADICTION,3.8
3967,NEUTRAL,3.6
3968,NEUTRAL,2.3
3969,NEUTRAL,2.5
3971,NEUTRAL,3.2
3974,ENTAILMENT,4.9
3975,NEUTRAL,3.4
3977,NEUTRAL,3.3
3978,ENTAILMENT,4.27
3979,CONTRADICTION,3.6
3981,ENTAILMENT,5.0
3983,ENTAILMENT,5.0
3988,NEUTRAL,2.5
3991,CONTRADICTION,3.7
3997,NEUTRAL,2.0
4000,NEUTRAL,2.5
4003,NEUTRAL,3.1
4005,CONTRADICTION,4.1
4008,ENTAILMENT,4.3
4009,NEUTRAL,3.8
4010,NEUTRAL,3.5
4016,NEUTRAL,3.6
4018,ENTAILMENT,4.5
4019,NEUTRAL,3.9
4022,CONTRADICTION,3.4
4023,NEUTRAL,2.3
4024,ENTAILMENT,4.8
4025,ENTAILMENT,4.9
4026,NEUTRAL,3.7
4027,ENTAILMENT,4.8
4029,NEUTRAL,3.1
4030,NEUTRAL,3.5
4032,NEUTRAL,2.7
4035,NEUTRAL,3.9
4039,NEUTRAL,3.8
4042,NEUTRAL,4.3
4044,NEUTRAL,4.2
4048,CONTRADICTION,3.0
4051,ENTAILMENT,3.9
4052,NEUTRAL,2.4
4053,NEUTRAL,4.2
4055,CONTRADICTION,3.4
4057,CONTRADICTION,3.6
4059,NEUTRAL,2.3
4064,ENTAILMENT,3.235
4070,NEUTRAL,3.6
4073,NEUTRAL,3.6
4075,NEUTRAL,3.635
4077,CONTRADICTION,4.2
4078,ENTAILMENT,2.9
4080,CONTRADICTION,4.3
4081,NEUTRAL,3.0
4082,ENTAILMENT,5.0
4089,CONTRADICTION,3.9
4091,ENTAILMENT,3.5
4092,NEUTRAL,3.5
4093,ENTAILMENT,4.6
4095,NEUTRAL,4.0
4096,ENTAILMENT,3.3
4097,ENTAILMENT,4.6
4098,ENTAILMENT,4.5
4099,NEUTRAL,3.2
4101,CONTRADICTION,3.1
4103,NEUTRAL,2.7
4104,NEUTRAL,3.0
4106,NEUTRAL,3.1
4107,ENTAILMENT,5.0
4110,CONTRADICTION,3.2
4111,ENTAILMENT,4.4
4116,ENTAILMENT,4.9
4121,NEUTRAL,3.8
4122,NEUTRAL,4.3
4124,NEUTRAL,4.3
4128,CONTRADICTION,3.4
4129,ENTAILMENT,2.4
4130,NEUTRAL,3.8
4131,ENTAILMENT,2.9
4138,ENTAILMENT,4.6
4139,CONTRADICTION,3.2
4143,NEUTRAL,3.2
4144,NEUTRAL,2.8
4150,CONTRADICTION,3.3
4151,NEUTRAL,2.8
4153,ENTAILMENT,3.5
4158,ENTAILMENT,2.6
4159,CONTRADICTION,3.7
4160,NEUTRAL,3.0
4161,NEUTRAL,2.615
4166,NEUTRAL,3.2
4167,NEUTRAL,3.5
4169,NEUTRAL,3.8
4170,NEUTRAL,3.6
4171,NEUTRAL,4.0
4172,ENTAILMENT,4.7
4175,CONTRADICTION,3.8
4177,NEUTRAL,3.0
4180,ENTAILMENT,4.4
4182,CONTRADICTION,3.6
4184,CONTRADICTION,4.5
4186,NEUTRAL,3.9
4188,NEUTRAL,1.9
4189,NEUTRAL,3.9
4190,NEUTRAL,2.8
4192,ENTAILMENT,4.8
4198,NEUTRAL,2.1
4200,NEUTRAL,2.4
4201,ENTAILMENT,5.0
4203,ENTAILMENT,4.4
4204,CONTRADICTION,3.2
4206,CONTRADICTION,3.6
4208,CONTRADICTION,3.7
4210,ENTAILMENT,5.0
4211,CONTRADICTION,3.5
4215,NEUTRAL,3.3
4217,CONTRADICTION,1.9
4218,ENTAILMENT,3.5
4222,NEUTRAL,3.2
4224,NEUTRAL,2.7
4225,NEUTRAL,3.7
4226,CONTRADICTION,2.3
4227,NEUTRAL,4.1
4229,NEUTRAL,3.1
4230,ENTAILMENT,4.6
4233,NEUTRAL,1.3
4234,NEUTRAL,1.45
4237,ENTAILMENT,4.9
4240,CONTRADICTION,3.2
4241,ENTAILMENT,2.9
4243,NEUTRAL,3.0
4245,NEUTRAL,2.7
4249,CONTRADICTION,3.5
4250,ENTAILMENT,3.4
4255,CONTRADICTION,4.3
4256,NEUTRAL,4.4
4258,NEUTRAL,2.9
4261,NEUTRAL,1.4
4262,NEUTRAL,1.2
4263,NEUTRAL,1.4
4264,NEUTRAL,1.3
4268,ENTAILMENT,4.9
4270,ENTAILMENT,4.7
4271,CONTRADICTION,4.0
4273,CONTRADICTION,3.7
4276,CONTRADICTION,4.05
4278,ENTAILMENT,3.6
4281,ENTAILMENT,4.6
4285,CONTRADICTION,3.4
4286,ENTAILMENT,5.0
4292,ENTAILMENT,4.4
4293,ENTAILMENT,4.9
4294,NEUTRAL,3.4
4296,CONTRADICTION,3.8
4297,ENTAILMENT,4.7
4298,CONTRADICTION,2.8
4300,NEUTRAL,4.4
4302,ENTAILMENT,4.8
4303,CONTRADICTION,3.3
4309,NEUTRAL,1.0
4310,NEUTRAL,1.0
4311,ENTAILMENT,4.8
4313,ENTAILMENT,4.9
4314,NEUTRAL,3.6
4317,NEUTRAL,2.4
4319,NEUTRAL,2.7
4324,CONTRADICTION,2.8
4326,NEUTRAL,4.4
4327,CONTRADICTION,4.1
4331,NEUTRAL,2.6
4332,ENTAILMENT,5.0
4333,NEUTRAL,4.0
4334,NEUTRAL,3.8
4337,NEUTRAL,1.8
4343,CONTRADICTION,3.3
4345,CONTRADICTION,3.3
4352,CONTRADICTION,3.4
4353,ENTAILMENT,4.7
4355,NEUTRAL,1.0
4356,NEUTRAL,1.0
4358,NEUTRAL,1.0
4362,ENTAILMENT,2.8
4366,NEUTRAL,3.1
4367,NEUTRAL,3.6
4368,NEUTRAL,2.8
4372,CONTRADICTION,3.8
4373,ENTAILMENT,5.0
4374,CONTRADICTION,3.0
4375,NEUTRAL,2.1
4380,ENTAILMENT,4.9
4383,CONTRADICTION,2.9
4384,ENTAILMENT,4.8
4389,ENTAILMENT,5.0
4391,ENTAILMENT,4.3
4397,ENTAILMENT,4.3
4399,CONTRADICTION,3.5
4400,ENTAILMENT,4.9
4402,ENTAILMENT,5.0
4403,CONTRADICTION,3.6
4404,ENTAILMENT,4.9
4405,CONTRADICTION,3.6
4406,ENTAILMENT,5.0
4409,ENTAILMENT,4.4
4413,NEUTRAL,3.8
4415,NEUTRAL,3.8
4416,ENTAILMENT,4.8
4419,NEUTRAL,3.5
4420,NEUTRAL,1.0
4421,NEUTRAL,1.0
4422,NEUTRAL,1.0
4423,NEUTRAL,1.0
4424,NEUTRAL,1.0
4425,ENTAILMENT,4.6
4427,ENTAILMENT,4.4
4428,CONTRADICTION,4.1
4430,NEUTRAL,2.5
4433,NEUTRAL,3.0
4434,ENTAILMENT,4.4
4435,CONTRADICTION,4.4
4436,ENTAILMENT,4.2
4437,CONTRADICTION,4.4
4438,NEUTRAL,1.0
4441,NEUTRAL,1.0
4444,CONTRADICTION,3.2
4448,NEUTRAL,2.2
4449,NEUTRAL,2.1
4450,NEUTRAL,1.9
4451,NEUTRAL,2.0
4452,ENTAILMENT,4.7
4453,CONTRADICTION,3.3
4455,CONTRADICTION,3.3
4456,NEUTRAL,4.0
4459,NEUTRAL,3.5
4460,ENTAILMENT,4.4
4461,ENTAILMENT,4.6
4462,CONTRADICTION,3.5
4463,ENTAILMENT,4.45
4465,NEUTRAL,3.5
4466,NEUTRAL,2.4
4467,ENTAILMENT,3.6
4470,ENTAILMENT,4.8
4474,NEUTRAL,1.0
4475,NEUTRAL,1.0
4476,NEUTRAL,1.1
4478,NEUTRAL,1.0
4479,NEUTRAL,4.6
4480,CONTRADICTION,3.0
4482,CONTRADICTION,3.5
4483,NEUTRAL,1.0
4484,NEUTRAL,1.0
4485,NEUTRAL,1.0
4488,ENTAILMENT,4.435
4489,CONTRADICTION,4.5
4491,NEUTRAL,3.4
4493,NEUTRAL,3.1
4494,ENTAILMENT,4.6
4495,CONTRADICTION,3.3
4496,ENTAILMENT,4.3
4499,ENTAILMENT,4.9
4500,CONTRADICTION,3.4
4502,NEUTRAL,3.9
4504,ENTAILMENT,1.8
4506,NEUTRAL,3.4
4508,ENTAILMENT,4.9
4510,NEUTRAL,5.0
4512,NEUTRAL,1.1
4518,CONTRADICTION,3.5
4521,ENTAILMENT,2.2
4527,CONTRADICTION,3.8
4528,ENTAILMENT,4.4
4530,NEUTRAL,1.3
4531,NEUTRAL,1.7
4532,NEUTRAL,3.5
4533,NEUTRAL,1.5
4535,NEUTRAL,4.4
4536,CONTRADICTION,3.8
4537,ENTAILMENT,4.9
4538,CONTRADICTION,4.6
4539,NEUTRAL,3.5
4542,NEUTRAL,3.4
4543,ENTAILMENT,3.7
4547,CONTRADICTION,3.3
4548,NEUTRAL,3.615
4550,ENTAILMENT,3.8
4552,NEUTRAL,3.7
4554,ENTAILMENT,4.0
4555,ENTAILMENT,4.9
4557,ENTAILMENT,3.5
4560,NEUTRAL,3.1
4561,NEUTRAL,4.0
4563,CONTRADICTION,3.9
4566,ENTAILMENT,4.2
4568,ENTAILMENT,4.0
4571,NEUTRAL,4.2
4572,CONTRADICTION,3.6
4575,NEUTRAL,2.2
4576,CONTRADICTION,2.1
4577,NEUTRAL,1.7
4578,NEUTRAL,1.0
4582,ENTAILMENT,4.5
4584,ENTAILMENT,4.1
4586,ENTAILMENT,5.0
4587,CONTRADICTION,3.8
4589,ENTAILMENT,4.4
4591,ENTAILMENT,4.9
4592,CONTRADICTION,3.3
4593,NEUTRAL,1.0
4594,NEUTRAL,1.0
4598,ENTAILMENT,4.8
4599,CONTRADICTION,3.0
4600,ENTAILMENT,4.6
4602,ENTAILMENT,4.4
4603,CONTRADICTION,3.2
4604,ENTAILMENT,4.5
4607,ENTAILMENT,4.8
4608,CONTRADICTION,3.3
4609,ENTAILMENT,4.5
4613,ENTAILMENT,4.9
4618,NEUTRAL,4.8
4620,ENTAILMENT,4.5
4621,NEUTRAL,4.0
4622,ENTAILMENT,4.4
4623,CONTRADICTION,4.1
4624,ENTAILMENT,4.6
4625,ENTAILMENT,5.0
4627,NEUTRAL,4.2
4628,CONTRADICTION,3.6
4629,NEUTRAL,1.1
4631,NEUTRAL,1.0
4639,NEUTRAL,2.8
4640,ENTAILMENT,3.1
4641,NEUTRAL,3.3
4642,NEUTRAL,3.2
4645,NEUTRAL,4.3
4647,ENTAILMENT,4.7
4649,ENTAILMENT,4.5
4654,ENTAILMENT,4.6
4655,CONTRADICTION,4.1
4657,NEUTRAL,1.0
4658,NEUTRAL,1.1
4667,NEUTRAL,2.9
4670,NEUTRAL,4.0
4672,ENTAILMENT,3.8
4675,NEUTRAL,4.3
4676,NEUTRAL,3.8
4677,NEUTRAL,3.8
4678,NEUTRAL,3.0
4682,CONTRADICTION,3.1
4684,CONTRADICTION,3.5
4690,ENTAILMENT,4.8
4691,NEUTRAL,4.0
4692,NEUTRAL,4.6
4693,NEUTRAL,3.465
4694,NEUTRAL,3.665
4695,NEUTRAL,3.7
4698,NEUTRAL,3.7
4703,ENTAILMENT,3.8
4704,NEUTRAL,3.3
4705,ENTAILMENT,4.0
4706,CONTRADICTION,3.2
4708,ENTAILMENT,4.3
4709,CONTRADICTION,3.0
4714,ENTAILMENT,3.9
4715,ENTAILMENT,3.4
4719,ENTAILMENT,3.0
4721,CONTRADICTION,3.9
4722,NEUTRAL,2.85
4723,NEUTRAL,3.5
4726,NEUTRAL,2.7
4727,NEUTRAL,3.2
4730,ENTAILMENT,4.6
4732,ENTAILMENT,4.8
4733,CONTRADICTION,3.6
4736,ENTAILMENT,4.7
4737,ENTAILMENT,4.4
4738,CONTRADICTION,4.5
4739,ENTAILMENT,4.3
4741,NEUTRAL,2.6
4744,ENTAILMENT,2.8
4747,ENTAILMENT,4.5
4748,ENTAILMENT,4.8
4749,CONTRADICTION,3.9
4750,ENTAILMENT,5.0
4751,NEUTRAL,4.2
4754,NEUTRAL,1.2
4757,ENTAILMENT,4.6
4758,NEUTRAL,3.3
4765,NEUTRAL,1.1
4768,ENTAILMENT,4.6
4770,NEUTRAL,1.4
4772,NEUTRAL,1.7
4773,NEUTRAL,1.7
4775,ENTAILMENT,5.0
4778,NEUTRAL,3.3
4779,ENTAILMENT,4.3
4781,ENTAILMENT,4.7
4783,ENTAILMENT,4.4
4784,ENTAILMENT,4.8
4785,NEUTRAL,3.8
4786,ENTAILMENT,4.9
4787,CONTRADICTION,3.4
4789,NEUTRAL,1.3
4791,NEUTRAL,1.1
4792,NEUTRAL,1.6
4801,ENTAILMENT,4.5
4804,ENTAILMENT,3.5
4809,CONTRADICTION,3.8
4818,CONTRADICTION,3.5
4827,CONTRADICTION,3.5
4828,ENTAILMENT,4.8
4829,NEUTRAL,3.1
4830,ENTAILMENT,4.9
4833,NEUTRAL,4.2
4834,CONTRADICTION,3.5
4835,ENTAILMENT,4.4
4837,ENTAILMENT,2.6
4838,NEUTRAL,1.7
4840,CONTRADICTION,2.1
4841,ENTAILMENT,2.235
4846,NEUTRAL,1.5
4850,NEUTRAL,1.2
4854,CONTRADICTION,3.0
4856,NEUTRAL,2.5
4861,CONTRADICTION,3.8
4862,NEUTRAL,4.6
4864,NEUTRAL,3.385
4865,NEUTRAL,1.2
4868,NEUTRAL,1.3
4870,CONTRADICTION,3.3
4871,ENTAILMENT,5.0
4873,NEUTRAL,2.1
4875,NEUTRAL,3.2
4876,NEUTRAL,2.7
4878,ENTAILMENT,4.9
4884,ENTAILMENT,4.3
4887,NEUTRAL,4.4
4889,NEUTRAL,4.4
4890,CONTRADICTION,3.715
4892,ENTAILMENT,2.75
4893,NEUTRAL,4.9
4894,CONTRADICTION,3.5
4895,NEUTRAL,4.6
4896,ENTAILMENT,4.9
4897,CONTRADICTION,4.1
4899,CONTRADICTION,2.8
4902,NEUTRAL,1.0
4904,NEUTRAL,1.2
4906,CONTRADICTION,4.4
4907,ENTAILMENT,3.9
4908,CONTRADICTION,3.8
4909,NEUTRAL,1.0
4910,NEUTRAL,1.0
4914,ENTAILMENT,4.8
4917,CONTRADICTION,3.2
4923,ENTAILMENT,4.815
4924,CONTRADICTION,3.3
4925,ENTAILMENT,4.5
4927,NEUTRAL,3.1
4930,NEUTRAL,1.9
4931,NEUTRAL,1.7
4935,NEUTRAL,4.8
4936,CONTRADICTION,3.1
4939,CONTRADICTION,4.0
4943,NEUTRAL,3.8
4945,ENTAILMENT,4.7
4952,NEUTRAL,1.0
4955,CONTRADICTION,3.5
4956,NEUTRAL,4.3
4958,NEUTRAL,2.6
4962,NEUTRAL,2.8
4969,NEUTRAL,2.6
4972,ENTAILMENT,4.7
4973,CONTRADICTION,3.415
4976,NEUTRAL,1.0
4979,NEUTRAL,1.1
4980,NEUTRAL,1.0
4984,NEUTRAL,3.2
4986,NEUTRAL,1.2
4987,NEUTRAL,1.1
4988,NEUTRAL,1.2
4993,CONTRADICTION,3.6
4994,NEUTRAL,1.0
4995,NEUTRAL,1.0
4999,ENTAILMENT,4.9
5001,ENTAILMENT,4.5
5004,NEUTRAL,3.4
5006,ENTAILMENT,4.3
5008,ENTAILMENT,4.8
5009,CONTRADICTION,3.6
5013,NEUTRAL,3.3
5016,NEUTRAL,3.915
5019,ENTAILMENT,3.3
5020,ENTAILMENT,5.0
5021,CONTRADICTION,3.5
5028,ENTAILMENT,4.8
5029,CONTRADICTION,4.2
5034,CONTRADICTION,3.6
5035,NEUTRAL,3.7
5036,ENTAILMENT,4.6
5038,ENTAILMENT,4.8
5041,ENTAILMENT,4.8
5042,CONTRADICTION,3.4
5043,NEUTRAL,2.8
5044,NEUTRAL,3.7
5054,ENTAILMENT,1.1
5055,NEUTRAL,1.4
5057,ENTAILMENT,4.7
5059,ENTAILMENT,4.4
5061,ENTAILMENT,4.6
5062,CONTRADICTION,4.3
5063,ENTAILMENT,4.7
5065,ENTAILMENT,4.9
5066,ENTAILMENT,4.9
5067,CONTRADICTION,3.7
5068,ENTAILMENT,4.4
5069,CONTRADICTION,4.4
5070,NEUTRAL,1.0
5071,NEUTRAL,1.0
5075,ENTAILMENT,4.9
5076,CONTRADICTION,3.6
5077,ENTAILMENT,4.9
5084,ENTAILMENT,4.4
5087,NEUTRAL,4.1
5088,NEUTRAL,1.4
5090,NEUTRAL,1.7
5093,ENTAILMENT,4.7
5094,CONTRADICTION,3.9
5095,NEUTRAL,4.5
5098,NEUTRAL,1.0
5099,NEUTRAL,1.0
5101,NEUTRAL,1.1
5103,NEUTRAL,3.8
5104,ENTAILMENT,4.5
5106,ENTAILMENT,4.5
5108,ENTAILMENT,4.8
5111,NEUTRAL,4.1
5112,CONTRADICTION,3.8
5118,NEUTRAL,1.0
5120,ENTAILMENT,4.9
5122,ENTAILMENT,4.9
5126,NEUTRAL,1.0
5128,NEUTRAL,1.4
5129,ENTAILMENT,4.7
5130,CONTRADICTION,4.0
5131,NEUTRAL,3.9
5138,ENTAILMENT,3.7
5140,ENTAILMENT,4.5
5143,NEUTRAL,1.4
5144,NEUTRAL,2.1
5146,NEUTRAL,1.4
5150,CONTRADICTION,3.2
5151,NEUTRAL,1.0
5152,NEUTRAL,1.0
5156,ENTAILMENT,4.4
5157,CONTRADICTION,4.1
5158,ENTAILMENT,4.5
5159,CONTRADICTION,2.4
5162,NEUTRAL,1.5
5164,NEUTRAL,1.1
5165,ENTAILMENT,4.7
5168,CONTRADICTION,3.8
5170,NEUTRAL,1.1
5172,NEUTRAL,1.3
5173,NEUTRAL,1.2
5174,ENTAILMENT,4.8
5179,CONTRADICTION,3.8
5180,ENTAILMENT,4.8
5181,CONTRADICTION,3.9
5182,ENTAILMENT,4.7
5183,ENTAILMENT,4.9
5184,NEUTRAL,2.6
5185,ENTAILMENT,4.8
5188,NEUTRAL,1.0
5190,NEUTRAL,1.0
5192,ENTAILMENT,4.4
5193,CONTRADICTION,4.315
5194,ENTAILMENT,4.6
5196,NEUTRAL,3.3
5200,NEUTRAL,3.2
5202,NEUTRAL,3.4
5205,NEUTRAL,3.0
5207,NEUTRAL,2.2
5209,NEUTRAL,2.9
5210,ENTAILMENT,4.8
5211,CONTRADICTION,3.6
5213,CONTRADICTION,3.9
5214,NEUTRAL,1.5
5217,NEUTRAL,1.3
5218,NEUTRAL,1.1
5221,ENTAILMENT,3.8
5222,NEUTRAL,3.0
5224,NEUTRAL,1.1
5228,NEUTRAL,4.3
5229,CONTRADICTION,3.6
5230,ENTAILMENT,5.0
5233,NEUTRAL,3.5
5235,NEUTRAL,3.3
5237,ENTAILMENT,4.5
5240,ENTAILMENT,4.1
5241,NEUTRAL,3.2
5243,NEUTRAL,3.0
5245,NEUTRAL,2.9
5250,NEUTRAL,1.2
5252,ENTAILMENT,1.0
5255,ENTAILMENT,4.8
5257,ENTAILMENT,4.6
5259,ENTAILMENT,4.4
5265,CONTRADICTION,3.5
5266,ENTAILMENT,5.0
5268,ENTAILMENT,4.7
5270,NEUTRAL,3.5
5271,CONTRADICTION,4.2
5272,ENTAILMENT,4.8
5273,ENTAILMENT,4.9
5274,CONTRADICTION,3.5
5275,ENTAILMENT,4.9
5279,ENTAILMENT,4.6
5280,CONTRADICTION,4.1
5281,ENTAILMENT,4.8
5283,CONTRADICTION,4.0
5284,NEUTRAL,4.5
5285,CONTRADICTION,3.4
5286,ENTAILMENT,4.5
5287,CONTRADICTION,4.0
5289,CONTRADICTION,3.7
5290,ENTAILMENT,4.4
5292,NEUTRAL,3.0
5293,NEUTRAL,4.4
5295,NEUTRAL,1.0
5297,NEUTRAL,1.0
5299,NEUTRAL,1.0
5300,ENTAILMENT,4.8
5301,CONTRADICTION,3.6
5302,ENTAILMENT,4.9
5305,NEUTRAL,3.7
5307,CONTRADICTION,3.2
5308,ENTAILMENT,4.4
5309,ENTAILMENT,4.9
5312,NEUTRAL,3.7
5315,ENTAILMENT,4.4
5316,CONTRADICTION,3.7
5320,ENTAILMENT,4.8
5322,ENTAILMENT,3.9
5323,NEUTRAL,2.635
5326,NEUTRAL,3.8
5328,NEUTRAL,3.3
5330,NEUTRAL,3.6
5331,ENTAILMENT,4.5
5332,NEUTRAL,3.7
5336,ENTAILMENT,4.7
5337,CONTRADICTION,3.0
5339,CONTRADICTION,3.0
5343,NEUTRAL,3.1
5344,NEUTRAL,3.0
5353,ENTAILMENT,4.2
5354,ENTAILMENT,4.9
5355,CONTRADICTION,3.6
5360,ENTAILMENT,4.8
5364,CONTRADICTION,3.7
5365,ENTAILMENT,3.9
5366,CONTRADICTION,3.0
5367,NEUTRAL,1.6
5368,NEUTRAL,1.5
5371,NEUTRAL,1.5
5375,CONTRADICTION,3.2
5381,ENTAILMENT,5.0
5382,CONTRADICTION,4.0
5386,NEUTRAL,2.4
5388,NEUTRAL,2.8
5390,ENTAILMENT,4.4
5392,ENTAILMENT,4.7
5394,NEUTRAL,4.5
5396,ENTAILMENT,4.6
5400,CONTRADICTION,3.7
5402,CONTRADICTION,4.0
5403,NEUTRAL,2.5
5408,ENTAILMENT,4.9
5410,ENTAILMENT,4.535
5412,NEUTRAL,3.8
5413,NEUTRAL,2.8
5416,NEUTRAL,3.9
5417,ENTAILMENT,4.7
5418,NEUTRAL,3.9
5421,NEUTRAL,1.1
5422,NEUTRAL,1.0
5424,NEUTRAL,1.1
5425,NEUTRAL,1.0
5428,NEUTRAL,4.4
5430,ENTAILMENT,4.065
5431,CONTRADICTION,2.8
5433,CONTRADICTION,3.7
5438,CONTRADICTION,3.3
5441,NEUTRAL,3.0
5442,NEUTRAL,3.8
5444,ENTAILMENT,4.9
5445,CONTRADICTION,3.7
5448,ENTAILMENT,4.6
5450,ENTAILMENT,4.5
5451,CONTRADICTION,3.7
5452,NEUTRAL,4.4
5453,ENTAILMENT,4.5
5465,CONTRADICTION,4.2
5469,CONTRADICTION,3.4
5470,ENTAILMENT,4.7
5472,CONTRADICTION,3.4
5473,ENTAILMENT,5.0
5475,NEUTRAL,1.0
5479,NEUTRAL,1.3
5481,NEUTRAL,3.5
5482,ENTAILMENT,4.5
5484,ENTAILMENT,4.4
5485,ENTAILMENT,4.8
5486,NEUTRAL,3.2
5488,NEUTRAL,3.2
5490,CONTRADICTION,3.4
5493,NEUTRAL,1.365
5494,NEUTRAL,2.2
5499,NEUTRAL,4.0
5506,NEUTRAL,1.4
5508,CONTRADICTION,3.8
5509,ENTAILMENT,4.3
5511,ENTAILMENT,4.6
5515,NEUTRAL,3.5
5516,NEUTRAL,4.6
5517,CONTRADICTION,3.015
5519,NEUTRAL,4.0
5524,NEUTRAL,3.7
5527,ENTAILMENT,4.8
5528,CONTRADICTION,3.4
5529,NEUTRAL,3.1
5536,NEUTRAL,3.9
5539,NEUTRAL,2.5
5541,NEUTRAL,2.0
5542,NEUTRAL,3.1
5543,ENTAILMENT,4.6
5544,CONTRADICTION,3.7
5547,NEUTRAL,1.1
5550,NEUTRAL,1.1
5551,NEUTRAL,1.0
5557,NEUTRAL,1.2
5559,NEUTRAL,1.0
5562,CONTRADICTION,4.1
5564,NEUTRAL,2.8
5566,NEUTRAL,3.8
5567,ENTAILMENT,4.5
5570,ENTAILMENT,4.7
5571,CONTRADICTION,4.5
5572,ENTAILMENT,4.7
5573,NEUTRAL,3.4
5574,NEUTRAL,4.4
5576,NEUTRAL,4.5
5577,NEUTRAL,3.5
5578,NEUTRAL,4.5
5579,ENTAILMENT,4.2
5581,ENTAILMENT,4.4
5583,NEUTRAL,3.3
5585,NEUTRAL,2.1
5589,NEUTRAL,3.9
5590,NEUTRAL,4.0
5592,NEUTRAL,3.4
5594,ENTAILMENT,3.9
5596,ENTAILMENT,3.8
5597,ENTAILMENT,4.9
5598,CONTRADICTION,3.1
5599,ENTAILMENT,4.7
5600,CONTRADICTION,3.8
5601,NEUTRAL,2.2
5605,NEUTRAL,2.8
5606,NEUTRAL,4.3
5611,NEUTRAL,1.4
5616,CONTRADICTION,3.3
5622,CONTRADICTION,3.7
5625,NEUTRAL,3.3
5626,ENTAILMENT,4.9
5628,NEUTRAL,3.5
5629,NEUTRAL,2.7
5630,NEUTRAL,3.5
5631,NEUTRAL,3.2
5635,ENTAILMENT,4.5
5636,CONTRADICTION,3.6
5638,NEUTRAL,3.4
5639,ENTAILMENT,4.4
5644,ENTAILMENT,4.2
5648,ENTAILMENT,4.4
5649,NEUTRAL,3.2
5650,ENTAILMENT,4.1
5652,CONTRADICTION,3.95
5654,CONTRADICTION,3.0
5655,NEUTRAL,1.0
5658,NEUTRAL,1.3
5660,NEUTRAL,4.4
5661,ENTAILMENT,3.5
5662,ENTAILMENT,4.9
5665,NEUTRAL,1.8
5666,NEUTRAL,3.6
5667,NEUTRAL,3.7
5669,ENTAILMENT,5.0
5670,NEUTRAL,3.2
5672,ENTAILMENT,3.5
5673,ENTAILMENT,4.4
5674,ENTAILMENT,3.1
5681,CONTRADICTION,3.6
5682,ENTAILMENT,2.7
5684,ENTAILMENT,3.1
5685,NEUTRAL,2.9
5686,NEUTRAL,3.4
5688,CONTRADICTION,3.2
5689,ENTAILMENT,4.8
5690,CONTRADICTION,2.3
5692,NEUTRAL,1.2
5699,CONTRADICTION,3.1
5700,ENTAILMENT,4.2
5702,ENTAILMENT,4.7
5703,CONTRADICTION,3.2
5704,ENTAILMENT,4.7
5705,ENTAILMENT,4.7
5707,ENTAILMENT,4.6
5708,CONTRADICTION,3.2
5709,NEUTRAL,4.9
5711,NEUTRAL,4.3
5713,NEUTRAL,4.9
5714,ENTAILMENT,4.3
5715,CONTRADICTION,3.8
5716,ENTAILMENT,4.5
5719,NEUTRAL,2.8
5720,NEUTRAL,3.9
5721,CONTRADICTION,3.1
5723,NEUTRAL,4.5
5724,CONTRADICTION,3.9
5726,CONTRADICTION,3.7
5727,ENTAILMENT,4.1
5729,NEUTRAL,4.2
5730,NEUTRAL,3.1
5731,ENTAILMENT,4.2
5734,ENTAILMENT,4.6
5735,NEUTRAL,3.0
5738,NEUTRAL,1.0
5743,ENTAILMENT,4.9
5746,CONTRADICTION,3.1
5748,NEUTRAL,2.1
5754,NEUTRAL,2.1
5757,NEUTRAL,1.7
5759,NEUTRAL,4.8
5760,NEUTRAL,3.4
5763,NEUTRAL,3.6
5766,NEUTRAL,1.4
5767,NEUTRAL,1.0
5769,NEUTRAL,1.0
5771,CONTRADICTION,3.0
5774,ENTAILMENT,4.2
5775,CONTRADICTION,3.5
5778,ENTAILMENT,4.3
5780,NEUTRAL,2.6
5782,NEUTRAL,3.915
5783,NEUTRAL,1.0
5784,NEUTRAL,1.5
5785,NEUTRAL,1.0
5786,NEUTRAL,1.0
5789,CONTRADICTION,3.8
5790,ENTAILMENT,4.9
5793,NEUTRAL,3.0
5795,CONTRADICTION,2.8
5796,ENTAILMENT,4.7
5798,NEUTRAL,4.0
5800,CONTRADICTION,4.2
5802,NEUTRAL,2.0
5803,NEUTRAL,2.9
5804,NEUTRAL,1.6
5805,ENTAILMENT,2.4
5807,NEUTRAL,2.8
5808,ENTAILMENT,4.4
5809,ENTAILMENT,3.6
5814,NEUTRAL,1.6
5817,NEUTRAL,4.2
5818,CONTRADICTION,3.7
5827,CONTRADICTION,2.8
5830,NEUTRAL,3.1
5831,ENTAILMENT,3.3
5832,NEUTRAL,3.3
5833,NEUTRAL,3.8
5837,NEUTRAL,1.3
5838,NEUTRAL,1.9
5840,NEUTRAL,1.6
5843,NEUTRAL,3.3
5844,ENTAILMENT,4.5
5849,NEUTRAL,3.8
5854,CONTRADICTION,4.1
5856,CONTRADICTION,3.4
5858,ENTAILMENT,4.0
5862,ENTAILMENT,4.7
5863,NEUTRAL,4.1
5866,ENTAILMENT,4.4
5868,ENTAILMENT,4.4
5869,ENTAILMENT,4.2
5870,NEUTRAL,3.6
5871,ENTAILMENT,4.5
5873,NEUTRAL,4.4
5877,ENTAILMENT,4.7
5878,ENTAILMENT,3.9
5880,ENTAILMENT,4.6
5881,NEUTRAL,3.2
5884,ENTAILMENT,4.1
5888,NEUTRAL,4.0
5889,ENTAILMENT,4.9
5891,NEUTRAL,1.0
5892,NEUTRAL,1.2
5893,NEUTRAL,1.0
5896,NEUTRAL,4.3
5897,NEUTRAL,3.775
5903,NEUTRAL,3.5
5908,CONTRADICTION,3.1
5910,NEUTRAL,3.4
5912,NEUTRAL,3.2
5913,NEUTRAL,2.7
5915,NEUTRAL,2.2
5916,ENTAILMENT,4.9
5917,CONTRADICTION,4.0
5921,NEUTRAL,1.0
5925,ENTAILMENT,4.0
5926,NEUTRAL,3.2
5927,NEUTRAL,2.8
5929,NEUTRAL,1.7
5932,ENTAILMENT,4.7
5933,NEUTRAL,3.3
5934,ENTAILMENT,4.4
5935,CONTRADICTION,3.5
5939,NEUTRAL,2.4
5940,ENTAILMENT,4.2
5942,CONTRADICTION,3.4
5945,NEUTRAL,3.2
5946,NEUTRAL,3.6
5949,NEUTRAL,3.7
5950,CONTRADICTION,2.3
5951,NEUTRAL,3.1
5953,CONTRADICTION,2.9
5954,NEUTRAL,4.5
5957,ENTAILMENT,2.9
5958,ENTAILMENT,3.685
5959,NEUTRAL,3.415
5961,ENTAILMENT,4.7
5962,NEUTRAL,2.4
5963,ENTAILMENT,3.4
5967,NEUTRAL,1.7
5969,NEUTRAL,1.7
5971,NEUTRAL,1.8
5972,ENTAILMENT,4.3
5973,ENTAILMENT,4.1
5974,NEUTRAL,3.3
5980,NEUTRAL,3.5
5981,NEUTRAL,1.9
5984,ENTAILMENT,3.7
5985,ENTAILMENT,4.9
5993,NEUTRAL,3.6
5994,ENTAILMENT,4.4
5995,CONTRADICTION,3.8
5997,NEUTRAL,3.7
5998,NEUTRAL,3.4
5999,NEUTRAL,3.4
6002,NEUTRAL,3.8
6003,ENTAILMENT,4.9
6004,CONTRADICTION,4.3
6008,NEUTRAL,3.5
6009,NEUTRAL,2.5
6010,NEUTRAL,3.8
6011,NEUTRAL,2.7
6012,NEUTRAL,3.5
6013,NEUTRAL,3.5
6016,NEUTRAL,2.4
6018,NEUTRAL,3.8
6019,ENTAILMENT,4.1
6021,ENTAILMENT,4.3
6023,NEUTRAL,2.2
6024,ENTAILMENT,4.2
6025,ENTAILMENT,5.0
6026,CONTRADICTION,3.3
6031,NEUTRAL,3.7
6033,NEUTRAL,3.8
6034,ENTAILMENT,4.6
6036,ENTAILMENT,4.9
6039,NEUTRAL,3.9
6040,NEUTRAL,3.1
6043,NEUTRAL,2.9
6046,NEUTRAL,3.0
6048,NEUTRAL,3.0
6049,NEUTRAL,2.3
6055,NEUTRAL,3.6
6057,CONTRADICTION,3.6
6058,NEUTRAL,2.1
6059,NEUTRAL,2.2
6062,NEUTRAL,1.7
6063,ENTAILMENT,4.9
6064,CONTRADICTION,3.3
6066,CONTRADICTION,4.1
6067,NEUTRAL,2.8
6069,NEUTRAL,3.1
6070,NEUTRAL,2.6
6071,NEUTRAL,4.0
6073,NEUTRAL,3.4
6074,ENTAILMENT,4.9
6076,ENTAILMENT,4.6
6079,NEUTRAL,3.9
6081,NEUTRAL,3.9
6087,NEUTRAL,3.6
6089,NEUTRAL,3.7
6090,NEUTRAL,3.4
6091,NEUTRAL,3.6
6094,ENTAILMENT,4.8
6097,CONTRADICTION,3.0
6100,ENTAILMENT,4.2
6102,NEUTRAL,3.5
6107,NEUTRAL,3.4
6110,NEUTRAL,2.5
6111,NEUTRAL,3.1
6113,NEUTRAL,3.0
6114,NEUTRAL,4.9
6115,ENTAILMENT,4.2
6116,NEUTRAL,4.8
6118,ENTAILMENT,3.9
6121,NEUTRAL,3.1
6124,CONTRADICTION,3.3
6125,ENTAILMENT,4.8
6126,NEUTRAL,3.8
6129,NEUTRAL,4.3
6130,CONTRADICTION,2.2
6132,NEUTRAL,4.7
6134,NEUTRAL,3.6
6138,NEUTRAL,3.4
6139,NEUTRAL,3.8
6140,NEUTRAL,2.8
6141,NEUTRAL,3.2
6142,NEUTRAL,3.9
6143,ENTAILMENT,4.8
6148,NEUTRAL,3.1
6149,ENTAILMENT,3.8
6151,ENTAILMENT,3.2
6156,NEUTRAL,2.5
6162,NEUTRAL,2.6
6163,ENTAILMENT,4.6
6165,NEUTRAL,4.0
6166,NEUTRAL,3.6
6167,NEUTRAL,4.0
6168,NEUTRAL,1.9
6172,NEUTRAL,3.5
6173,ENTAILMENT,4.9
6177,NEUTRAL,3.2
6181,ENTAILMENT,2.7
6182,ENTAILMENT,3.6
6184,NEUTRAL,3.7
6189,NEUTRAL,3.6
6190,NEUTRAL,2.4
6192,ENTAILMENT,4.4
6196,NEUTRAL,2.3
6201,ENTAILMENT,4.6
6204,ENTAILMENT,4.6
6207,NEUTRAL,2.4
6210,NEUTRAL,3.6
6216,ENTAILMENT,3.8
6217,CONTRADICTION,3.2
6220,ENTAILMENT,4.0
6221,ENTAILMENT,4.9
6222,ENTAILMENT,3.5
6223,ENTAILMENT,4.7
6226,NEUTRAL,3.6
6227,NEUTRAL,3.2
6229,NEUTRAL,3.3
6230,ENTAILMENT,4.5
6235,NEUTRAL,3.1
6237,NEUTRAL,3.3
6238,NEUTRAL,4.1
6240,NEUTRAL,2.5
6244,NEUTRAL,2.8
6245,NEUTRAL,3.4
6247,NEUTRAL,3.4
6251,CONTRADICTION,2.7
6252,ENTAILMENT,3.5
6254,NEUTRAL,3.3
6255,ENTAILMENT,2.8
6256,ENTAILMENT,4.2
6257,CONTRADICTION,3.4
6260,CONTRADICTION,4.0
6261,ENTAILMENT,5.0
6262,NEUTRAL,3.4
6264,NEUTRAL,3.0
6265,ENTAILMENT,4.4
6268,ENTAILMENT,4.9
6269,CONTRADICTION,3.5
6270,ENTAILMENT,4.3
6271,NEUTRAL,3.9
6273,NEUTRAL,3.4
6274,NEUTRAL,3.9
6275,NEUTRAL,2.9
6276,NEUTRAL,3.7
6277,NEUTRAL,4.8
6279,ENTAILMENT,4.6
6281,NEUTRAL,3.4
6282,ENTAILMENT,4.3
6283,ENTAILMENT,3.5
6284,ENTAILMENT,4.4
6285,CONTRADICTION,3.4
6289,CONTRADICTION,3.4
6294,NEUTRAL,3.5
6296,NEUTRAL,3.2
6298,NEUTRAL,2.6
6303,NEUTRAL,2.8
6304,NEUTRAL,1.2
6312,NEUTRAL,2.5
6314,NEUTRAL,2.8
6320,NEUTRAL,3.0
6322,NEUTRAL,2.765
6323,NEUTRAL,3.7
6324,ENTAILMENT,4.4
6325,CONTRADICTION,4.2
6328,NEUTRAL,4.1
6329,NEUTRAL,3.4
6331,NEUTRAL,3.7
6332,NEUTRAL,2.5
6339,CONTRADICTION,3.7
6340,ENTAILMENT,4.0
6341,NEUTRAL,3.1
6343,NEUTRAL,3.4
6351,NEUTRAL,3.6
6352,NEUTRAL,4.0
6354,NEUTRAL,3.8
6355,ENTAILMENT,4.9
6356,NEUTRAL,3.7
6361,NEUTRAL,3.8
6364,ENTAILMENT,4.7
6365,ENTAILMENT,3.5
6367,CONTRADICTION,4.0
6369,NEUTRAL,3.3
6371,ENTAILMENT,2.9
6374,NEUTRAL,2.8
6376,NEUTRAL,2.9
6378,CONTRADICTION,4.1
6379,NEUTRAL,3.5
6380,NEUTRAL,2.9
6383,NEUTRAL,2.985
6384,ENTAILMENT,2.6
6388,ENTAILMENT,4.9
6389,CONTRADICTION,3.0
6391,NEUTRAL,2.0
6393,NEUTRAL,2.7
6398,NEUTRAL,4.0
6399,NEUTRAL,4.2
6400,NEUTRAL,4.4
6401,NEUTRAL,3.8
6403,NEUTRAL,4.1
6406,NEUTRAL,3.2
6408,ENTAILMENT,3.3
6409,NEUTRAL,2.3
6410,NEUTRAL,2.8
6413,NEUTRAL,2.0
6414,NEUTRAL,3.9
6415,ENTAILMENT,5.0
6416,CONTRADICTION,3.7
6418,NEUTRAL,3.9
6422,NEUTRAL,2.7
6425,NEUTRAL,3.4
6427,CONTRADICTION,3.6
6428,ENTAILMENT,5.0
6430,ENTAILMENT,2.7
6431,NEUTRAL,3.4
6433,NEUTRAL,3.1
6435,NEUTRAL,3.4
6436,NEUTRAL,4.1
6437,ENTAILMENT,4.7
6438,CONTRADICTION,4.1
6439,ENTAILMENT,4.7
6440,NEUTRAL,3.1
6441,NEUTRAL,3.5
6442,NEUTRAL,2.3
6445,NEUTRAL,3.5
6446,ENTAILMENT,5.0
6449,NEUTRAL,2.7
6451,ENTAILMENT,3.8
6453,NEUTRAL,3.1
6455,NEUTRAL,3.6
6456,ENTAILMENT,4.1
6457,ENTAILMENT,5.0
6459,ENTAILMENT,4.33
6461,ENTAILMENT,3.6
6462,NEUTRAL,3.4
6464,NEUTRAL,2.5
6465,NEUTRAL,3.5
6466,CONTRADICTION,3.0
6472,ENTAILMENT,4.0
6473,NEUTRAL,3.9
6474,ENTAILMENT,4.3
6475,NEUTRAL,3.6
6476,ENTAILMENT,4.3
6479,ENTAILMENT,4.3
6481,ENTAILMENT,4.0
6483,ENTAILMENT,4.0
6484,CONTRADICTION,3.6
6485,ENTAILMENT,4.4
6486,ENTAILMENT,4.9
6487,NEUTRAL,3.5
6490,NEUTRAL,1.6
6492,NEUTRAL,1.9
6493,NEUTRAL,1.3
6494,NEUTRAL,1.1
6498,NEUTRAL,4.2
6501,ENTAILMENT,1.9
6502,ENTAILMENT,1.9
6503,ENTAILMENT,2.2
6504,CONTRADICTION,2.185
6505,ENTAILMENT,3.4
6507,CONTRADICTION,4.2
6509,NEUTRAL,4.2
6512,NEUTRAL,4.0
6515,ENTAILMENT,4.8
6516,CONTRADICTION,3.7
6518,ENTAILMENT,4.8
6519,CONTRADICTION,4.2
6520,NEUTRAL,2.7
6522,NEUTRAL,1.8
6523,CONTRADICTION,2.1
6524,NEUTRAL,1.9
6525,NEUTRAL,2.5
6526,ENTAILMENT,4.7
6528,ENTAILMENT,4.9
6530,NEUTRAL,3.3
6533,NEUTRAL,2.915
6534,NEUTRAL,3.8
6537,ENTAILMENT,4.9
6538,CONTRADICTION,3.3
6541,ENTAILMENT,4.535
6542,CONTRADICTION,4.1
6547,CONTRADICTION,3.7
6551,NEUTRAL,2.8
6553,NEUTRAL,3.4
6556,NEUTRAL,3.6
6560,NEUTRAL,4.0
6561,NEUTRAL,3.6
6562,NEUTRAL,3.2
6564,NEUTRAL,3.9
6570,NEUTRAL,2.75
6571,NEUTRAL,2.4
6573,NEUTRAL,3.3
6574,NEUTRAL,3.2
6581,NEUTRAL,3.8
6583,NEUTRAL,3.6
6585,NEUTRAL,3.0
6586,ENTAILMENT,4.2
6587,NEUTRAL,4.0
6594,NEUTRAL,3.4
6596,CONTRADICTION,3.7
6601,NEUTRAL,3.985
6602,ENTAILMENT,5.0
6608,NEUTRAL,3.9
6609,NEUTRAL,3.3
6611,ENTAILMENT,4.2
6612,CONTRADICTION,3.5
6613,ENTAILMENT,4.5
6616,NEUTRAL,2.9
6621,NEUTRAL,4.0
6622,NEUTRAL,4.7
6623,CONTRADICTION,3.6
6624,NEUTRAL,3.1
6627,NEUTRAL,3.1
6628,NEUTRAL,3.0
6629,ENTAILMENT,4.4
6630,CONTRADICTION,3.8
6633,NEUTRAL,2.8
6636,NEUTRAL,4.4
6637,NEUTRAL,4.6
6639,NEUTRAL,4.6
6641,CONTRADICTION,3.885
6642,ENTAILMENT,4.9
6643,ENTAILMENT,3.2
6645,NEUTRAL,3.8
6650,NEUTRAL,2.8
6651,ENTAILMENT,4.9
6652,ENTAILMENT,4.1
6653,NEUTRAL,3.7
6654,NEUTRAL,2.15
6655,NEUTRAL,3.65
6660,ENTAILMENT,4.565
6661,CONTRADICTION,3.6
6662,ENTAILMENT,5.0
6663,NEUTRAL,3.7
6666,NEUTRAL,2.5
6667,NEUTRAL,2.1
6668,NEUTRAL,2.6
6672,CONTRADICTION,3.6
6676,NEUTRAL,2.6
6677,NEUTRAL,2.8
6679,NEUTRAL,4.0
6680,ENTAILMENT,4.8
6681,CONTRADICTION,3.8
6682,NEUTRAL,4.0
6685,NEUTRAL,3.465
6686,NEUTRAL,3.9
6689,NEUTRAL,4.9
6690,NEUTRAL,3.1
6691,NEUTRAL,3.0
6693,ENTAILMENT,3.785
6699,CONTRADICTION,2.8
6702,NEUTRAL,4.1
6703,NEUTRAL,3.5
6704,NEUTRAL,3.6
6706,NEUTRAL,3.6
6707,ENTAILMENT,4.8
6708,CONTRADICTION,3.1
6710,NEUTRAL,2.6
6712,NEUTRAL,2.2
6713,NEUTRAL,3.6
6716,ENTAILMENT,5.0
6718,NEUTRAL,2.1
6719,NEUTRAL,4.3
6722,ENTAILMENT,4.0
6724,NEUTRAL,4.5
6726,CONTRADICTION,3.5
6727,ENTAILMENT,5.0
6730,NEUTRAL,3.9
6732,NEUTRAL,3.2
6734,ENTAILMENT,4.435
6737,CONTRADICTION,3.5
6739,NEUTRAL,3.365
6741,NEUTRAL,3.4
6743,NEUTRAL,3.1
6744,NEUTRAL,3.265
6749,ENTAILMENT,4.3
6751,NEUTRAL,3.935
6753,ENTAILMENT,4.5
6755,CONTRADICTION,3.6
6759,NEUTRAL,3.3
6763,ENTAILMENT,4.5
6767,CONTRADICTION,4.3
6774,ENTAILMENT,5.0
6776,ENTAILMENT,5.0
6779,NEUTRAL,2.9
6780,NEUTRAL,2.8
6782,NEUTRAL,3.0
6783,ENTAILMENT,4.7
6785,ENTAILMENT,5.0
6786,CONTRADICTION,3.6
6787,NEUTRAL,3.2
6788,NEUTRAL,2.8
6790,NEUTRAL,2.8
6792,ENTAILMENT,4.9
6793,NEUTRAL,3.8
6794,ENTAILMENT,5.0
6795,NEUTRAL,3.4
6796,NEUTRAL,2.7
6797,NEUTRAL,2.8
6798,NEUTRAL,3.4
6801,ENTAILMENT,5.0
6803,NEUTRAL,3.3
6806,ENTAILMENT,3.4
6807,NEUTRAL,2.0
6808,NEUTRAL,3.6
6809,NEUTRAL,3.0
6811,NEUTRAL,3.4
6815,ENTAILMENT,3.6
6817,NEUTRAL,4.0
6818,NEUTRAL,4.0
6820,NEUTRAL,4.5
6821,ENTAILMENT,4.8
6823,NEUTRAL,2.7
6826,NEUTRAL,3.8
6827,NEUTRAL,3.8
6828,NEUTRAL,4.0
6829,NEUTRAL,3.3
6831,NEUTRAL,3.8
6832,ENTAILMENT,4.9
6835,CONTRADICTION,3.9
6836,NEUTRAL,3.3
6837,NEUTRAL,2.8
6838,NEUTRAL,3.4
6839,NEUTRAL,2.6
6841,ENTAILMENT,4.9
6842,NEUTRAL,3.5
6844,NEUTRAL,3.5
6846,NEUTRAL,2.3
6848,NEUTRAL,2.9
6850,NEUTRAL,1.5
6852,ENTAILMENT,4.4
6853,ENTAILMENT,3.2
6854,NEUTRAL,4.9
6856,NEUTRAL,4.2
6858,NEUTRAL,4.0
6859,NEUTRAL,3.0
6860,NEUTRAL,4.4
6861,ENTAILMENT,4.9
6864,CONTRADICTION,3.9
6867,NEUTRAL,3.7
6871,NEUTRAL,3.7
6872,ENTAILMENT,4.9
6873,CONTRADICTION,3.9
6874,NEUTRAL,4.4
6876,NEUTRAL,3.9
6878,NEUTRAL,4.185
6881,ENTAILMENT,4.9
6882,NEUTRAL,3.8
6883,NEUTRAL,4.0
6886,NEUTRAL,3.2
6888,ENTAILMENT,4.8
6889,CONTRADICTION,3.4
6891,NEUTRAL,3.8
6892,NEUTRAL,2.8
6893,NEUTRAL,3.0
6895,NEUTRAL,2.9
6898,CONTRADICTION,3.3
6900,CONTRADICTION,3.2
6904,CONTRADICTION,4.0
6906,ENTAILMENT,5.0
6908,ENTAILMENT,4.7
6909,CONTRADICTION,4.3
6910,NEUTRAL,3.4
6911,NEUTRAL,2.9
6915,ENTAILMENT,4.4
6916,CONTRADICTION,3.1
6917,ENTAILMENT,3.0
6925,NEUTRAL,3.4
6926,ENTAILMENT,4.9
6928,ENTAILMENT,4.9
6929,CONTRADICTION,3.5
6930,NEUTRAL,3.6
6933,NEUTRAL,3.1
6935,ENTAILMENT,4.9
6936,NEUTRAL,3.9
6937,NEUTRAL,4.3
6938,ENTAILMENT,4.5
6939,NEUTRAL,3.8
6941,NEUTRAL,1.9
6943,NEUTRAL,1.5
6944,NEUTRAL,2.2
6949,NEUTRAL,4.3
6951,ENTAILMENT,3.7
6952,NEUTRAL,2.7
6953,NEUTRAL,3.0
6954,ENTAILMENT,3.3
6956,ENTAILMENT,3.4
6959,ENTAILMENT,4.9
6960,NEUTRAL,3.9
6962,NEUTRAL,2.7
6963,NEUTRAL,1.5
6965,NEUTRAL,2.8
6967,NEUTRAL,2.4
6972,NEUTRAL,3.7
6973,NEUTRAL,4.1
6976,NEUTRAL,3.9
6977,NEUTRAL,3.0
6984,NEUTRAL,3.9
6985,NEUTRAL,3.8
6986,NEUTRAL,4.0
6988,ENTAILMENT,4.6
6989,NEUTRAL,2.9
6990,ENTAILMENT,4.7
6999,NEUTRAL,4.8
7003,NEUTRAL,2.9
7010,ENTAILMENT,4.5
7011,NEUTRAL,2.9
7012,NEUTRAL,4.8
7014,ENTAILMENT,4.7
7015,ENTAILMENT,4.6
7017,NEUTRAL,4.4
7023,NEUTRAL,1.8
7024,NEUTRAL,1.6
7029,CONTRADICTION,3.6
7030,ENTAILMENT,4.1
7031,CONTRADICTION,2.9
7032,ENTAILMENT,3.8
7033,CONTRADICTION,3.4
7034,ENTAILMENT,3.9
7036,NEUTRAL,2.665
7037,NEUTRAL,3.765
7038,ENTAILMENT,4.4
7039,CONTRADICTION,3.9
7041,NEUTRAL,3.5
7042,NEUTRAL,3.9
7046,ENTAILMENT,4.8
7047,CONTRADICTION,3.4
7048,ENTAILMENT,5.0
7049,CONTRADICTION,3.8
7050,NEUTRAL,4.0
7051,CONTRADICTION,3.615
7052,NEUTRAL,3.9
7053,CONTRADICTION,2.5
7055,ENTAILMENT,4.5
7057,ENTAILMENT,5.0
7059,ENTAILMENT,4.4
7062,NEUTRAL,2.6
7065,CONTRADICTION,3.2
7067,NEUTRAL,3.65
7068,NEUTRAL,3.915
7069,NEUTRAL,3.0
7071,NEUTRAL,3.1
7072,NEUTRAL,3.7
7073,NEUTRAL,4.8
7075,ENTAILMENT,4.2
7076,CONTRADICTION,3.8
7078,NEUTRAL,3.1
7079,NEUTRAL,2.8
7080,NEUTRAL,3.6
7089,ENTAILMENT,3.3
7091,NEUTRAL,2.7
7095,ENTAILMENT,4.4
7096,ENTAILMENT,3.2
7097,ENTAILMENT,4.0
7098,NEUTRAL,3.4
7102,ENTAILMENT,4.8
7106,ENTAILMENT,2.7
7107,NEUTRAL,4.2
7109,NEUTRAL,2.6
7111,NEUTRAL,3.9
7112,NEUTRAL,3.8
7113,ENTAILMENT,4.3
7114,CONTRADICTION,3.2
7115,ENTAILMENT,4.6
7117,ENTAILMENT,3.7
7122,ENTAILMENT,4.8
7128,ENTAILMENT,5.0
7129,NEUTRAL,3.465
7130,ENTAILMENT,5.0
7131,ENTAILMENT,4.8
7132,NEUTRAL,3.5
7134,NEUTRAL,4.55
7135,NEUTRAL,3.1
7136,NEUTRAL,4.4
7137,NEUTRAL,3.0
7140,NEUTRAL,3.7
7141,ENTAILMENT,5.0
7142,ENTAILMENT,4.9
7146,NEUTRAL,2.9
7147,NEUTRAL,3.1
7148,NEUTRAL,2.5
7149,NEUTRAL,3.0
7151,NEUTRAL,3.2
7152,NEUTRAL,3.0
7154,CONTRADICTION,3.6
7157,CONTRADICTION,3.7
7158,CONTRADICTION,4.4
7159,CONTRADICTION,3.8
7160,NEUTRAL,3.4
7162,NEUTRAL,4.9
7163,CONTRADICTION,3.7
7167,NEUTRAL,3.0
7168,NEUTRAL,2.9
7169,NEUTRAL,3.5
7170,NEUTRAL,3.0
7171,NEUTRAL,2.4
7172,NEUTRAL,2.8
7173,ENTAILMENT,4.9
7174,NEUTRAL,3.9
7175,NEUTRAL,4.1
7176,CONTRADICTION,3.7
7177,NEUTRAL,3.5
7178,NEUTRAL,2.8
7179,NEUTRAL,3.9
7180,NEUTRAL,3.1
7181,NEUTRAL,3.7
7182,ENTAILMENT,4.2
7183,CONTRADICTION,2.8
7184,ENTAILMENT,4.8
7187,NEUTRAL,4.2
7188,NEUTRAL,4.4
7190,NEUTRAL,4.5
7191,NEUTRAL,2.8
7192,NEUTRAL,4.4
7193,ENTAILMENT,4.2
7194,CONTRADICTION,4.1
7195,ENTAILMENT,5.0
7197,NEUTRAL,2.9
7198,NEUTRAL,2.7
7199,NEUTRAL,3.8
7201,NEUTRAL,3.4
7202,ENTAILMENT,4.7
7203,CONTRADICTION,3.6
7206,NEUTRAL,3.8
7207,NEUTRAL,3.2
7212,NEUTRAL,3.7
7215,ENTAILMENT,4.7
7216,NEUTRAL,3.7
7220,NEUTRAL,3.6
7223,NEUTRAL,4.2
7225,ENTAILMENT,4.9
7227,NEUTRAL,3.0
7231,NEUTRAL,3.2
7232,NEUTRAL,2.9
7233,ENTAILMENT,4.9
7236,ENTAILMENT,5.0
7238,NEUTRAL,4.4
7243,NEUTRAL,3.9
7244,ENTAILMENT,4.9
7245,NEUTRAL,3.6
7247,NEUTRAL,3.3
7248,NEUTRAL,3.3
7249,NEUTRAL,2.735
7250,NEUTRAL,2.4
7251,NEUTRAL,2.4
7253,NEUTRAL,2.1
7254,NEUTRAL,2.4
7255,ENTAILMENT,4.7
7256,CONTRADICTION,4.1
7257,ENTAILMENT,4.6
7258,CONTRADICTION,2.9
7259,ENTAILMENT,4.8
7260,NEUTRAL,4.5
7261,NEUTRAL,4.1
7263,NEUTRAL,4.7
7264,NEUTRAL,4.0
7265,NEUTRAL,4.4
7266,ENTAILMENT,4.7
7272,NEUTRAL,4.4
7273,CONTRADICTION,2.6
7275,ENTAILMENT,4.8
7278,CONTRADICTION,4.2
7279,NEUTRAL,3.8
7282,NEUTRAL,2.5
7283,NEUTRAL,3.55
7284,ENTAILMENT,4.8
7285,NEUTRAL,3.5
7286,ENTAILMENT,4.7
7288,ENTAILMENT,3.6
7289,NEUTRAL,2.8
7290,NEUTRAL,2.2
7295,ENTAILMENT,4.8
7296,NEUTRAL,3.6
7297,ENTAILMENT,4.6
7299,ENTAILMENT,4.0
7301,ENTAILMENT,3.8
7303,ENTAILMENT,4.1
7305,CONTRADICTION,4.1
7307,ENTAILMENT,4.7
7308,CONTRADICTION,3.9
7310,CONTRADICTION,3.5
7312,CONTRADICTION,4.3
7317,ENTAILMENT,4.9
7318,CONTRADICTION,3.8
7321,ENTAILMENT,4.0
7323,ENTAILMENT,3.9
7324,ENTAILMENT,4.5
7325,CONTRADICTION,3.5
7326,NEUTRAL,4.6
7327,NEUTRAL,4.5
7328,NEUTRAL,3.4
7329,ENTAILMENT,4.3
7330,NEUTRAL,3.4
7331,ENTAILMENT,4.0
7333,ENTAILMENT,3.2
7336,CONTRADICTION,3.9
7337,ENTAILMENT,4.9
7338,NEUTRAL,3.8
7339,NEUTRAL,3.6
7341,NEUTRAL,2.6
7342,NEUTRAL,3.7
7345,NEUTRAL,2.9
7348,ENTAILMENT,4.9
7351,NEUTRAL,4.2
7354,NEUTRAL,4.4
7355,CONTRADICTION,3.7
7357,ENTAILMENT,5.0
7360,NEUTRAL,3.75
7361,NEUTRAL,3.3
7366,ENTAILMENT,4.9
7369,NEUTRAL,4.1
7373,NEUTRAL,3.4
7376,NEUTRAL,3.5
7377,ENTAILMENT,5.0
7378,NEUTRAL,3.4
7379,ENTAILMENT,5.0
7380,CONTRADICTION,3.7
7382,NEUTRAL,2.4
7384,NEUTRAL,2.9
7385,NEUTRAL,4.1
7387,NEUTRAL,3.7
7393,NEUTRAL,3.4
7395,ENTAILMENT,5.0
7396,CONTRADICTION,3.1
7400,NEUTRAL,3.7
7401,NEUTRAL,3.8
7403,NEUTRAL,4.4
7405,CONTRADICTION,4.0
7406,ENTAILMENT,4.4
7407,NEUTRAL,3.9
7408,NEUTRAL,3.1
7409,NEUTRAL,2.6
7412,NEUTRAL,3.2
7413,ENTAILMENT,4.7
7415,NEUTRAL,3.1
7421,CONTRADICTION,3.4
7424,ENTAILMENT,4.8
7425,NEUTRAL,4.1
7426,NEUTRAL,4.9
7429,NEUTRAL,3.4
7430,NEUTRAL,4.0
7431,NEUTRAL,3.1
7433,ENTAILMENT,4.9
7435,ENTAILMENT,4.0
7436,CONTRADICTION,3.3
7439,NEUTRAL,3.3
7440,NEUTRAL,3.0
7442,ENTAILMENT,4.8
7443,NEUTRAL,3.8
7447,NEUTRAL,3.4
7449,NEUTRAL,3.6
7450,NEUTRAL,2.5
7453,NEUTRAL,3.3
7456,NEUTRAL,3.6
7458,CONTRADICTION,3.8
7460,NEUTRAL,3.9
7463,NEUTRAL,3.7
7465,NEUTRAL,3.6
7467,CONTRADICTION,3.7
7469,NEUTRAL,4.9
7473,NEUTRAL,4.5
7478,CONTRADICTION,2.8
7480,NEUTRAL,3.7
7482,NEUTRAL,3.4
7484,CONTRADICTION,3.0
7488,ENTAILMENT,4.9
7489,CONTRADICTION,3.815
7490,ENTAILMENT,3.7
7494,NEUTRAL,3.9
7495,ENTAILMENT,4.6
7498,CONTRADICTION,4.0
7500,NEUTRAL,3.3
7502,NEUTRAL,2.8
7510,NEUTRAL,4.4
7512,NEUTRAL,4.1
7513,NEUTRAL,3.5
7514,NEUTRAL,4.5
7515,ENTAILMENT,4.8
7517,ENTAILMENT,4.8
7518,CONTRADICTION,4.2
7519,NEUTRAL,2.6
7520,NEUTRAL,2.1
7521,NEUTRAL,2.4
7523,NEUTRAL,2.9
7524,ENTAILMENT,4.9
7528,NEUTRAL,3.3
7529,NEUTRAL,2.8
7530,NEUTRAL,2.7
7531,NEUTRAL,3.6
7535,NEUTRAL,4.5
7536,NEUTRAL,4.0
7538,ENTAILMENT,4.5
7540,NEUTRAL,3.5
7552,ENTAILMENT,4.5
7555,ENTAILMENT,4.8
7560,NEUTRAL,3.3
7562,NEUTRAL,3.1
7565,NEUTRAL,3.3
7566,ENTAILMENT,4.8
7568,ENTAILMENT,4.5
7570,ENTAILMENT,3.5
7571,NEUTRAL,3.7
7574,ENTAILMENT,4.2
7575,ENTAILMENT,4.8
7578,ENTAILMENT,5.0
7579,NEUTRAL,2.5
7584,NEUTRAL,3.8
7585,NEUTRAL,4.4
7586,ENTAILMENT,4.6
7589,CONTRADICTION,3.5
7591,CONTRADICTION,2.8
7592,NEUTRAL,3.1
7593,CONTRADICTION,3.4
7595,ENTAILMENT,4.7
7596,CONTRADICTION,3.6
7597,NEUTRAL,4.0
7598,ENTAILMENT,5.0
7600,ENTAILMENT,4.3
7601,NEUTRAL,3.5
7602,NEUTRAL,4.4
7604,NEUTRAL,3.6
7605,ENTAILMENT,4.6
7607,NEUTRAL,3.285
7610,NEUTRAL,3.7
7614,NEUTRAL,3.4
7615,ENTAILMENT,5.0
7617,NEUTRAL,2.3
7620,NEUTRAL,3.5
7621,NEUTRAL,2.6
7623,NEUTRAL,2.1
7624,NEUTRAL,1.8
7626,ENTAILMENT,4.8
7627,CONTRADICTION,4.0
7628,ENTAILMENT,4.9
7631,NEUTRAL,3.5
7632,NEUTRAL,3.9
7633,NEUTRAL,3.8
7635,NEUTRAL,4.9
7637,ENTAILMENT,5.0
7640,ENTAILMENT,4.2
7644,NEUTRAL,2.6
7645,NEUTRAL,4.4
7646,ENTAILMENT,4.9
7650,NEUTRAL,4.285
7655,ENTAILMENT,4.9
7656,NEUTRAL,3.8
7661,NEUTRAL,4.0
7663,NEUTRAL,3.0
7664,NEUTRAL,3.5
7671,ENTAILMENT,3.0
7673,CONTRADICTION,4.3
7674,ENTAILMENT,4.1
7676,CONTRADICTION,2.6
7679,NEUTRAL,3.7
7683,NEUTRAL,2.9
7684,NEUTRAL,2.6
7685,NEUTRAL,2.5
7686,ENTAILMENT,4.7
7690,ENTAILMENT,4.1
7691,ENTAILMENT,3.5
7693,ENTAILMENT,3.5
7694,ENTAILMENT,4.2
7695,ENTAILMENT,4.8
7696,NEUTRAL,3.8
7698,ENTAILMENT,4.9
7704,NEUTRAL,1.8
7705,NEUTRAL,2.1
7706,ENTAILMENT,4.9
7708,ENTAILMENT,4.8
7709,NEUTRAL,3.3
7710,ENTAILMENT,4.1
7713,NEUTRAL,3.6
7715,ENTAILMENT,4.8
7717,ENTAILMENT,4.9
7721,NEUTRAL,4.2
7725,CONTRADICTION,3.5
7727,ENTAILMENT,4.5
7730,NEUTRAL,1.6
7735,ENTAILMENT,5.0
7736,CONTRADICTION,4.3
7737,ENTAILMENT,4.3
7738,NEUTRAL,2.9
7745,CONTRADICTION,3.6
7748,NEUTRAL,3.6
7749,NEUTRAL,2.8
7750,NEUTRAL,2.7
7756,NEUTRAL,3.85
7758,CONTRADICTION,4.3
7759,NEUTRAL,4.6
7761,NEUTRAL,3.5
7762,NEUTRAL,3.9
7765,NEUTRAL,3.3
7766,ENTAILMENT,4.8
7767,CONTRADICTION,3.0
7770,NEUTRAL,3.3
7773,ENTAILMENT,3.7
7774,ENTAILMENT,4.6
7775,NEUTRAL,4.0
7783,NEUTRAL,1.9
7786,ENTAILMENT,4.3
7788,ENTAILMENT,4.6
7789,NEUTRAL,3.9
7791,NEUTRAL,3.7
7796,CONTRADICTION,3.4
7797,ENTAILMENT,5.0
7799,NEUTRAL,3.6
7800,NEUTRAL,3.0
7801,NEUTRAL,3.3
7802,NEUTRAL,3.4
7803,NEUTRAL,3.6
7806,ENTAILMENT,4.915
7809,CONTRADICTION,3.2
7812,ENTAILMENT,4.3
7814,CONTRADICTION,3.4
7815,ENTAILMENT,4.6
7816,NEUTRAL,3.9
7818,NEUTRAL,1.9
7824,ENTAILMENT,4.8
7825,NEUTRAL,3.2
7826,NEUTRAL,4.1
7827,NEUTRAL,3.5
7828,NEUTRAL,4.2
7829,NEUTRAL,3.5
7830,NEUTRAL,4.0
7831,ENTAILMENT,4.4
7832,NEUTRAL,3.6
7833,ENTAILMENT,4.7
7835,ENTAILMENT,4.4
7837,ENTAILMENT,4.4
7840,ENTAILMENT,4.6
7842,ENTAILMENT,4.6
7843,CONTRADICTION,3.4
7845,NEUTRAL,3.5
7846,NEUTRAL,3.6
7848,NEUTRAL,3.9
7850,CONTRADICTION,3.7
7852,CONTRADICTION,3.9
7853,NEUTRAL,3.6
7854,NEUTRAL,3.3
7855,NEUTRAL,3.6
7856,NEUTRAL,2.6
7857,NEUTRAL,3.4
7858,NEUTRAL,4.7
7860,ENTAILMENT,4.5
7862,NEUTRAL,3.8
7863,CONTRADICTION,2.6
7865,NEUTRAL,4.1
7870,ENTAILMENT,4.7
7871,NEUTRAL,3.7
7873,NEUTRAL,4.0
7874,NEUTRAL,3.4
7879,CONTRADICTION,3.2
7880,ENTAILMENT,4.5
7882,NEUTRAL,4.2
7883,ENTAILMENT,4.6
7885,NEUTRAL,3.3
7886,ENTAILMENT,4.2
7894,CONTRADICTION,4.0
7895,NEUTRAL,4.3
7897,CONTRADICTION,3.4
7901,NEUTRAL,3.4
7904,NEUTRAL,3.535
7905,ENTAILMENT,4.4
7907,NEUTRAL,3.5
7908,ENTAILMENT,4.7
7910,NEUTRAL,3.9
7911,NEUTRAL,3.2
7913,NEUTRAL,3.6
7914,NEUTRAL,3.1
7915,NEUTRAL,3.9
7916,ENTAILMENT,4.3
7918,ENTAILMENT,4.7
7919,CONTRADICTION,3.5
7920,ENTAILMENT,4.1
7922,ENTAILMENT,4.1
7924,ENTAILMENT,4.1
7928,CONTRADICTION,4.3
7929,NEUTRAL,1.6
7930,NEUTRAL,1.2
7931,NEUTRAL,1.6
7941,NEUTRAL,1.6
7942,NEUTRAL,2.2
7943,ENTAILMENT,4.4
7944,NEUTRAL,3.8
7945,ENTAILMENT,4.5
7948,NEUTRAL,2.4
7952,ENTAILMENT,4.6
7955,CONTRADICTION,3.2
7956,NEUTRAL,4.7
7958,NEUTRAL,4.0
7960,NEUTRAL,4.3
7961,ENTAILMENT,4.6
7962,CONTRADICTION,3.7
7965,CONTRADICTION,3.5
7968,NEUTRAL,2.7
7969,NEUTRAL,2.0
7970,NEUTRAL,3.0
7974,ENTAILMENT,4.6
7975,NEUTRAL,3.5
7978,NEUTRAL,3.6
7979,NEUTRAL,3.3
7982,NEUTRAL,3.3
7983,NEUTRAL,4.1
7984,CONTRADICTION,4.2
7988,NEUTRAL,2.8
7991,ENTAILMENT,4.6
7992,ENTAILMENT,4.4
7994,ENTAILMENT,4.5
8000,NEUTRAL,4.2
8001,ENTAILMENT,4.4
8003,ENTAILMENT,4.7
8004,NEUTRAL,3.0
8007,NEUTRAL,1.6
8008,NEUTRAL,2.5
8009,NEUTRAL,2.5
8011,ENTAILMENT,4.0
8013,CONTRADICTION,2.9
8015,NEUTRAL,3.0
8016,NEUTRAL,4.1
8017,NEUTRAL,3.115
8019,NEUTRAL,4.5
8020,NEUTRAL,3.7
8022,NEUTRAL,3.0
8023,NEUTRAL,4.3
8026,NEUTRAL,2.9
8027,NEUTRAL,4.2
8030,ENTAILMENT,4.8
8033,NEUTRAL,3.0
8034,NEUTRAL,3.6
8035,CONTRADICTION,2.8
8036,NEUTRAL,3.5
8042,NEUTRAL,2.2
8043,NEUTRAL,4.3
8045,NEUTRAL,3.9
8046,NEUTRAL,4.4
8048,ENTAILMENT,4.1
8051,NEUTRAL,2.8
8052,NEUTRAL,3.9
8053,NEUTRAL,4.2
8054,NEUTRAL,4.1
8056,NEUTRAL,3.3
8061,NEUTRAL,3.8
8062,NEUTRAL,2.6
8063,NEUTRAL,3.9
8066,ENTAILMENT,4.9
8070,ENTAILMENT,4.3
8074,NEUTRAL,4.2
8075,ENTAILMENT,4.5
8078,NEUTRAL,4.0
8080,NEUTRAL,3.1
8081,NEUTRAL,4.2
8082,ENTAILMENT,4.8
8083,NEUTRAL,3.3
8085,ENTAILMENT,3.5
8086,ENTAILMENT,4.165
8087,ENTAILMENT,3.835
8088,ENTAILMENT,4.3
8097,NEUTRAL,3.6
8098,NEUTRAL,3.2
8099,NEUTRAL,4.0
8100,NEUTRAL,5.0
8101,CONTRADICTION,4.1
8102,NEUTRAL,4.35
8103,NEUTRAL,3.8
8106,NEUTRAL,3.6
8107,NEUTRAL,3.0
8111,ENTAILMENT,5.0
8113,NEUTRAL,1.7
8114,NEUTRAL,1.2
8115,NEUTRAL,1.6
8116,NEUTRAL,1.8
8117,NEUTRAL,1.3
8118,ENTAILMENT,4.7
8123,NEUTRAL,2.9
8125,NEUTRAL,3.0
8128,ENTAILMENT,3.1
8131,NEUTRAL,4.0
8132,NEUTRAL,3.8
8133,NEUTRAL,3.6
8135,NEUTRAL,3.9
8139,CONTRADICTION,3.7
8140,NEUTRAL,2.9
8142,NEUTRAL,3.3
8144,NEUTRAL,3.2
8146,NEUTRAL,2.8
8148,NEUTRAL,3.3
8149,NEUTRAL,2.9
8150,NEUTRAL,1.7
8151,NEUTRAL,2.3
8153,NEUTRAL,3.0
8154,ENTAILMENT,4.8
8160,NEUTRAL,3.9
8164,ENTAILMENT,3.415
8166,ENTAILMENT,3.8
8167,NEUTRAL,3.4
8169,NEUTRAL,3.0
8170,NEUTRAL,2.8
8171,NEUTRAL,3.8
8172,NEUTRAL,4.9
8174,ENTAILMENT,4.6
8176,NEUTRAL,3.9
8178,ENTAILMENT,4.2
8181,ENTAILMENT,4.7
8182,NEUTRAL,3.9
8183,ENTAILMENT,4.9
8185,ENTAILMENT,3.8
8188,ENTAILMENT,3.3
8197,NEUTRAL,3.1
8198,NEUTRAL,2.5
8202,NEUTRAL,2.9
8203,NEUTRAL,4.0
8204,NEUTRAL,3.1
8205,ENTAILMENT,3.9
8207,NEUTRAL,4.3
8208,NEUTRAL,4.5
8209,NEUTRAL,3.5
8214,NEUTRAL,2.7
8218,NEUTRAL,3.2
8221,NEUTRAL,3.9
8222,NEUTRAL,3.5
8224,NEUTRAL,2.5
8226,NEUTRAL,4.4
8229,NEUTRAL,3.6
8231,NEUTRAL,2.8
8232,NEUTRAL,3.9
8234,ENTAILMENT,3.7
8235,ENTAILMENT,4.6
8236,NEUTRAL,3.5
8237,ENTAILMENT,4.6
8238,NEUTRAL,3.0
8239,NEUTRAL,3.25
8240,NEUTRAL,2.3
8241,NEUTRAL,3.4
8242,NEUTRAL,1.7
8243,NEUTRAL,3.2
8244,ENTAILMENT,4.6
8245,ENTAILMENT,3.4
8250,NEUTRAL,3.6
8252,NEUTRAL,3.6
8253,ENTAILMENT,4.9
8254,ENTAILMENT,3.8
8255,ENTAILMENT,4.9
8256,ENTAILMENT,3.5
8257,NEUTRAL,4.1
8259,NEUTRAL,3.5
8260,NEUTRAL,2.3
8261,NEUTRAL,3.9
8262,ENTAILMENT,4.5
8265,ENTAILMENT,4.0
8268,NEUTRAL,3.9
8270,NEUTRAL,3.2
8271,ENTAILMENT,4.8
8273,ENTAILMENT,4.6
8275,NEUTRAL,3.6
8278,NEUTRAL,3.5
8279,NEUTRAL,3.0
8280,NEUTRAL,4.8
8284,NEUTRAL,3.2
8286,NEUTRAL,3.7
8287,NEUTRAL,2.9
8290,CONTRADICTION,4.3
8291,ENTAILMENT,4.4
8292,ENTAILMENT,3.6
8293,NEUTRAL,3.5
8295,NEUTRAL,3.8
8297,NEUTRAL,4.1
8298,ENTAILMENT,4.9
8299,NEUTRAL,3.3
8301,CONTRADICTION,3.9
8302,ENTAILMENT,4.3
8303,CONTRADICTION,3.7
8308,CONTRADICTION,4.0
8309,NEUTRAL,4.6
8310,NEUTRAL,3.3
8311,NEUTRAL,2.4
8315,NEUTRAL,2.65
8318,NEUTRAL,4.4
8319,CONTRADICTION,3.1
8320,NEUTRAL,1.4
8322,NEUTRAL,2.0
8324,NEUTRAL,2.1
8332,NEUTRAL,3.2
8337,NEUTRAL,3.9
8341,NEUTRAL,2.785
8342,ENTAILMENT,4.5
8344,CONTRADICTION,4.0
8346,ENTAILMENT,4.3
8348,NEUTRAL,3.3
8350,CONTRADICTION,4.1
8353,ENTAILMENT,3.9
8354,ENTAILMENT,4.8
8357,NEUTRAL,2.8
8359,NEUTRAL,3.4
8361,NEUTRAL,4.4
8364,NEUTRAL,4.2
8365,NEUTRAL,3.9
8369,NEUTRAL,3.9
8370,ENTAILMENT,4.8
8371,CONTRADICTION,3.1
8372,ENTAILMENT,4.7
8373,NEUTRAL,3.9
8378,NEUTRAL,4.3
8380,NEUTRAL,3.4
8382,NEUTRAL,3.8
8385,NEUTRAL,4.2
8386,NEUTRAL,3.1
8387,NEUTRAL,4.3
8390,ENTAILMENT,4.4
8391,NEUTRAL,3.5
8392,NEUTRAL,2.3
8393,NEUTRAL,1.7
8394,NEUTRAL,2.3
8395,NEUTRAL,2.4
8397,ENTAILMENT,4.6
8399,ENTAILMENT,4.9
8401,ENTAILMENT,4.0
8402,CONTRADICTION,2.9
8403,ENTAILMENT,3.4
8405,ENTAILMENT,3.4
8408,ENTAILMENT,4.3
8410,ENTAILMENT,4.2
8411,NEUTRAL,3.8
8413,ENTAILMENT,4.4
8414,ENTAILMENT,4.6
8415,NEUTRAL,4.4
8416,NEUTRAL,3.5
8418,NEUTRAL,4.3
8420,NEUTRAL,3.0
8422,NEUTRAL,2.1
8423,NEUTRAL,3.7
8427,CONTRADICTION,3.1
8428,NEUTRAL,3.4
8429,NEUTRAL,2.8
8432,NEUTRAL,3.5
8433,NEUTRAL,4.6
8436,CONTRADICTION,2.6
8438,NEUTRAL,2.615
8439,NEUTRAL,2.8
8440,NEUTRAL,2.9
8442,ENTAILMENT,4.1
8443,NEUTRAL,3.7
8445,ENTAILMENT,4.0
8447,NEUTRAL,3.3
8448,ENTAILMENT,3.7
8450,NEUTRAL,4.4
8454,NEUTRAL,3.6
8463,ENTAILMENT,3.5
8464,NEUTRAL,2.8
8465,NEUTRAL,2.4
8466,NEUTRAL,3.1
8467,NEUTRAL,1.915
8468,NEUTRAL,2.6
8472,ENTAILMENT,4.085
8473,NEUTRAL,2.6
8477,NEUTRAL,2.2
8478,ENTAILMENT,4.5
8480,ENTAILMENT,4.4
8485,ENTAILMENT,4.3
8487,ENTAILMENT,4.1
8488,NEUTRAL,3.7
8491,ENTAILMENT,3.8
8495,NEUTRAL,4.0
8496,ENTAILMENT,4.8
8497,CONTRADICTION,3.0
8498,ENTAILMENT,4.3
8499,CONTRADICTION,4.3
8503,NEUTRAL,4.2
8508,NEUTRAL,3.6
8509,NEUTRAL,3.6
8510,NEUTRAL,3.6
8513,NEUTRAL,3.635
8515,CONTRADICTION,4.2
8518,ENTAILMENT,3.9
8519,NEUTRAL,3.8
8522,ENTAILMENT,4.3
8523,ENTAILMENT,4.1
8526,NEUTRAL,3.8
8527,NEUTRAL,3.0
8531,NEUTRAL,2.1
8533,NEUTRAL,4.0
8534,NEUTRAL,4.2
8535,ENTAILMENT,4.3
8539,NEUTRAL,2.3
8540,NEUTRAL,3.9
8542,NEUTRAL,3.4
8544,NEUTRAL,3.5
8545,NEUTRAL,4.3
8546,NEUTRAL,4.2
8547,NEUTRAL,4.1
8549,NEUTRAL,4.5
8550,NEUTRAL,4.5
8552,ENTAILMENT,4.4
8553,NEUTRAL,3.5
8554,NEUTRAL,3.3
8556,NEUTRAL,3.4
8557,NEUTRAL,3.1
8559,ENTAILMENT,4.3
8560,NEUTRAL,3.6
8565,NEUTRAL,3.0
8568,NEUTRAL,4.6
8570,ENTAILMENT,4.3
8573,NEUTRAL,3.4
8575,NEUTRAL,2.7
8577,NEUTRAL,4.2
8579,ENTAILMENT,4.7
8580,NEUTRAL,3.8
8583,NEUTRAL,4.0
8585,ENTAILMENT,4.2
8587,CONTRADICTION,4.1
8591,NEUTRAL,3.1
8592,NEUTRAL,2.8
8595,ENTAILMENT,4.4
8599,NEUTRAL,3.6
8602,NEUTRAL,4.1
8603,NEUTRAL,4.0
8604,ENTAILMENT,4.4
8605,NEUTRAL,3.6
8612,ENTAILMENT,4.4
8615,ENTAILMENT,5.0
8616,CONTRADICTION,3.1
8617,NEUTRAL,3.8
8619,ENTAILMENT,2.8
8621,NEUTRAL,3.9
8623,NEUTRAL,3.5
8625,NEUTRAL,3.7
8628,NEUTRAL,3.1
8634,NEUTRAL,4.2
8638,NEUTRAL,2.8
8640,NEUTRAL,4.9
8641,NEUTRAL,3.4
8642,NEUTRAL,4.6
8643,NEUTRAL,3.15
8644,NEUTRAL,3.9
8648,NEUTRAL,3.6
8650,NEUTRAL,4.3
8652,CONTRADICTION,4.6
8653,ENTAILMENT,3.2
8654,NEUTRAL,4.1
8655,ENTAILMENT,2.7
8659,ENTAILMENT,3.9
8661,ENTAILMENT,3.6
8662,NEUTRAL,4.2
8666,NEUTRAL,3.7
8667,NEUTRAL,3.5
8670,NEUTRAL,4.1
8671,ENTAILMENT,5.0
8672,ENTAILMENT,3.1
8673,NEUTRAL,3.1
8677,NEUTRAL,2.9
8681,NEUTRAL,3.0
8682,NEUTRAL,2.8
8687,ENTAILMENT,4.8
8688,NEUTRAL,3.3
8693,NEUTRAL,4.8
8694,NEUTRAL,3.7
8695,NEUTRAL,4.3
8698,ENTAILMENT,5.0
8701,NEUTRAL,2.8
8703,CONTRADICTION,3.2
8704,NEUTRAL,3.9
8706,NEUTRAL,3.4
8707,ENTAILMENT,4.7
8710,ENTAILMENT,3.4
8711,NEUTRAL,3.6
8713,ENTAILMENT,3.8
8715,CONTRADICTION,3.4
8717,NEUTRAL,3.6
8718,NEUTRAL,3.5
8720,NEUTRAL,3.8
8721,NEUTRAL,2.9
8722,NEUTRAL,3.2
8723,ENTAILMENT,4.7
8725,ENTAILMENT,4.7
8726,CONTRADICTION,3.2
8729,NEUTRAL,4.0
8730,NEUTRAL,2.9
8731,NEUTRAL,3.8
8732,NEUTRAL,4.3
8733,CONTRADICTION,4.0
8734,ENTAILMENT,4.7
8735,ENTAILMENT,3.6
8736,NEUTRAL,4.5
8737,NEUTRAL,3.4
8740,NEUTRAL,4.7
8744,CONTRADICTION,2.9
8745,NEUTRAL,3.7
8747,NEUTRAL,3.5
8752,NEUTRAL,4.4
8754,NEUTRAL,4.1
8755,NEUTRAL,3.2
8758,NEUTRAL,3.9
8761,ENTAILMENT,4.6
8762,NEUTRAL,3.7
8763,NEUTRAL,2.7
8764,NEUTRAL,2.3
8765,NEUTRAL,3.1
8769,CONTRADICTION,3.7
8770,NEUTRAL,4.4
8771,CONTRADICTION,3.8
8772,NEUTRAL,3.665
8773,NEUTRAL,3.0
8774,NEUTRAL,3.6
8776,NEUTRAL,4.0
8778,NEUTRAL,4.4
8780,NEUTRAL,3.3
8782,NEUTRAL,3.7
8785,NEUTRAL,3.5
8788,ENTAILMENT,4.7
8789,NEUTRAL,3.4
8793,NEUTRAL,3.4
8795,ENTAILMENT,4.8
8797,NEUTRAL,4.565
8798,CONTRADICTION,3.4
8799,ENTAILMENT,4.8
8802,NEUTRAL,4.1
8803,NEUTRAL,4.6
8804,NEUTRAL,4.3
8807,CONTRADICTION,2.7
8808,NEUTRAL,3.5
8809,NEUTRAL,3.7
8810,NEUTRAL,3.2
8811,NEUTRAL,3.6
8812,NEUTRAL,3.0
8817,ENTAILMENT,4.6
8818,NEUTRAL,3.585
8819,ENTAILMENT,4.5
8820,NEUTRAL,3.3
8821,ENTAILMENT,4.5
8824,ENTAILMENT,4.3
8825,NEUTRAL,3.8
8826,NEUTRAL,3.9
8827,NEUTRAL,2.0
8828,ENTAILMENT,4.1
8829,NEUTRAL,2.0
8831,ENTAILMENT,4.1
8833,NEUTRAL,4.2
8835,NEUTRAL,3.7
8837,NEUTRAL,3.4
8839,NEUTRAL,3.8
8840,NEUTRAL,4.6
8843,NEUTRAL,3.7
8845,NEUTRAL,1.9
8847,NEUTRAL,3.5
8849,NEUTRAL,3.9
8850,NEUTRAL,3.55
8851,NEUTRAL,4.7
8853,NEUTRAL,3.9
8857,NEUTRAL,3.6
8860,ENTAILMENT,4.5
8861,CONTRADICTION,3.8
8863,NEUTRAL,2.9
8864,NEUTRAL,4.1
8865,NEUTRAL,3.9
8866,NEUTRAL,3.7
8868,NEUTRAL,3.2
8870,NEUTRAL,3.1
8871,NEUTRAL,4.3
8872,NEUTRAL,3.4
8874,NEUTRAL,2.1
8877,NEUTRAL,3.585
8880,NEUTRAL,3.0
8881,NEUTRAL,1.6
8882,NEUTRAL,3.1
8883,NEUTRAL,3.1
8884,NEUTRAL,3.5
8885,ENTAILMENT,4.7
8886,NEUTRAL,3.9
8887,ENTAILMENT,4.2
8889,NEUTRAL,3.3
8890,NEUTRAL,1.635
8891,NEUTRAL,3.0
8893,NEUTRAL,2.6
8895,CONTRADICTION,3.3
8896,ENTAILMENT,4.4
8897,CONTRADICTION,4.0
8898,NEUTRAL,3.6
8899,NEUTRAL,3.1
8900,ENTAILMENT,3.7
8904,NEUTRAL,3.5
8905,ENTAILMENT,4.5
8906,NEUTRAL,3.5
8909,NEUTRAL,3.9
8910,NEUTRAL,2.2
8911,ENTAILMENT,4.2
8912,ENTAILMENT,4.5
8919,NEUTRAL,3.0
8920,ENTAILMENT,4.2
8921,NEUTRAL,3.7
8922,NEUTRAL,3.4
8923,ENTAILMENT,4.5
8925,NEUTRAL,3.2
8927,NEUTRAL,3.7
8928,NEUTRAL,3.0
8929,NEUTRAL,3.1
8930,ENTAILMENT,4.6
8931,NEUTRAL,3.9
8933,CONTRADICTION,3.7
8935,CONTRADICTION,3.3
8939,NEUTRAL,4.8
8940,NEUTRAL,4.0
8946,NEUTRAL,3.2
8947,NEUTRAL,2.9
8950,ENTAILMENT,4.6
8951,NEUTRAL,4.0
8953,NEUTRAL,4.0
8954,NEUTRAL,3.8
8960,ENTAILMENT,3.4
8962,NEUTRAL,3.5
8968,ENTAILMENT,5.0
8969,CONTRADICTION,3.9
8970,NEUTRAL,3.6
8971,NEUTRAL,2.8
8974,NEUTRAL,3.6
8975,NEUTRAL,4.4
8979,NEUTRAL,3.3
8981,NEUTRAL,4.0
8984,ENTAILMENT,4.6
8985,CONTRADICTION,3.465
8989,NEUTRAL,4.0
8990,NEUTRAL,3.6
8991,NEUTRAL,3.5
8993,NEUTRAL,4.6
8995,NEUTRAL,3.4
8997,NEUTRAL,4.0
9002,NEUTRAL,3.2
9003,NEUTRAL,4.1
9004,ENTAILMENT,4.9
9007,CONTRADICTION,3.2
9008,NEUTRAL,3.835
9009,NEUTRAL,3.585
9010,ENTAILMENT,4.1
9012,NEUTRAL,3.9
9013,ENTAILMENT,4.9
9016,NEUTRAL,3.7
9018,NEUTRAL,3.7
9020,NEUTRAL,3.9
9022,ENTAILMENT,4.8
9023,NEUTRAL,3.7
9025,NEUTRAL,3.6
9026,NEUTRAL,3.0
9027,NEUTRAL,4.0
9032,ENTAILMENT,3.965
9034,NEUTRAL,3.9
9042,ENTAILMENT,4.7
9043,NEUTRAL,3.7
9047,NEUTRAL,4.0
9048,ENTAILMENT,4.485
9049,ENTAILMENT,4.5
9052,CONTRADICTION,3.8
9055,NEUTRAL,3.9
9057,NEUTRAL,4.2
9059,CONTRADICTION,4.0
9060,NEUTRAL,5.0
9061,NEUTRAL,4.1
9062,NEUTRAL,3.3
9063,NEUTRAL,3.8
9064,NEUTRAL,3.5
9065,NEUTRAL,3.5
9072,NEUTRAL,2.9
9076,NEUTRAL,4.5
9079,ENTAILMENT,3.7
9081,NEUTRAL,3.0
9082,NEUTRAL,2.5
9084,NEUTRAL,2.6
9087,ENTAILMENT,4.9
9088,CONTRADICTION,4.2
9089,NEUTRAL,2.9
9091,NEUTRAL,2.9
9092,NEUTRAL,2.5
9100,NEUTRAL,3.5
9104,NEUTRAL,3.3
9105,NEUTRAL,4.8
9107,NEUTRAL,2.8
9111,NEUTRAL,3.1
9112,ENTAILMENT,4.2
9114,ENTAILMENT,4.4
9115,CONTRADICTION,3.2
9116,ENTAILMENT,4.2
9118,ENTAILMENT,3.8
9119,NEUTRAL,3.3
9120,ENTAILMENT,4.0
9121,ENTAILMENT,5.0
9122,NEUTRAL,3.6
9123,ENTAILMENT,4.8
9124,NEUTRAL,3.4
9128,NEUTRAL,1.1
9130,ENTAILMENT,4.6
9135,NEUTRAL,3.0
9138,NEUTRAL,3.9
9143,ENTAILMENT,4.5
9144,NEUTRAL,3.8
9145,ENTAILMENT,4.6
9149,NEUTRAL,3.6
9151,NEUTRAL,3.8
9152,NEUTRAL,3.0
9154,NEUTRAL,2.5
9157,ENTAILMENT,4.5
9158,CONTRADICTION,2.9
9162,NEUTRAL,2.5
9163,NEUTRAL,3.7
9164,NEUTRAL,2.8
9165,NEUTRAL,3.2
9166,ENTAILMENT,4.5
9168,ENTAILMENT,4.9
9170,NEUTRAL,3.6
9173,NEUTRAL,2.9
9174,NEUTRAL,4.0
9175,NEUTRAL,4.3
9176,CONTRADICTION,2.9
9178,CONTRADICTION,3.4
9179,ENTAILMENT,3.4
9180,NEUTRAL,3.8
9182,ENTAILMENT,3.5
9190,NEUTRAL,4.1
9191,NEUTRAL,2.0
9195,ENTAILMENT,4.6
9197,NEUTRAL,3.2
9199,NEUTRAL,3.6
9201,NEUTRAL,3.2
9202,ENTAILMENT,5.0
9203,NEUTRAL,4.0
9204,NEUTRAL,4.9
9205,ENTAILMENT,3.915
9207,NEUTRAL,4.0
9209,NEUTRAL,3.3
9210,NEUTRAL,3.5
9214,NEUTRAL,3.8
9216,NEUTRAL,1.935
9217,NEUTRAL,2.3
9218,NEUTRAL,3.1
9219,NEUTRAL,3.0
9220,ENTAILMENT,4.9
9221,NEUTRAL,3.9
9225,NEUTRAL,2.7
9226,NEUTRAL,3.1
9227,NEUTRAL,3.6
9228,NEUTRAL,3.6
9229,NEUTRAL,4.4
9231,ENTAILMENT,4.7
9232,CONTRADICTION,2.8
9234,NEUTRAL,3.3
9237,ENTAILMENT,4.5
9243,NEUTRAL,2.2
9244,NEUTRAL,2.8
9245,NEUTRAL,2.5
9246,NEUTRAL,3.4
9248,NEUTRAL,3.7
9251,NEUTRAL,1.8
9252,NEUTRAL,1.73
9253,NEUTRAL,1.9
9256,ENTAILMENT,4.6
9257,CONTRADICTION,3.565
9258,ENTAILMENT,4.8
9260,NEUTRAL,3.5
9261,NEUTRAL,2.5
9263,NEUTRAL,3.4
9265,ENTAILMENT,4.6
9266,NEUTRAL,3.4
9267,ENTAILMENT,4.7
9268,CONTRADICTION,4.1
9270,NEUTRAL,3.4
9271,NEUTRAL,3.1
9276,ENTAILMENT,4.0
9277,NEUTRAL,4.0
9278,NEUTRAL,4.3
9279,NEUTRAL,4.4
9282,NEUTRAL,4.1
9283,ENTAILMENT,4.4
9286,NEUTRAL,3.6
9289,NEUTRAL,2.7
9290,NEUTRAL,2.6
9291,NEUTRAL,2.2
9294,ENTAILMENT,4.1
9296,NEUTRAL,4.1
9298,NEUTRAL,3.2
9301,ENTAILMENT,4.9
9302,ENTAILMENT,3.365
9304,CONTRADICTION,4.2
9306,NEUTRAL,2.8
9310,ENTAILMENT,4.2
9311,CONTRADICTION,4.4
9312,ENTAILMENT,4.5
9316,NEUTRAL,4.0
9317,NEUTRAL,3.3
9318,NEUTRAL,3.8
9320,NEUTRAL,3.285
9321,ENTAILMENT,4.7
9322,NEUTRAL,4.8
9324,NEUTRAL,3.2
9325,NEUTRAL,3.8
9331,CONTRADICTION,3.6
9332,ENTAILMENT,4.5
9333,CONTRADICTION,3.2
9334,ENTAILMENT,4.6
9339,ENTAILMENT,4.5
9340,NEUTRAL,4.1
9341,ENTAILMENT,4.9
9345,NEUTRAL,3.2
9346,NEUTRAL,2.4
9347,NEUTRAL,2.8
9348,ENTAILMENT,4.7
9352,NEUTRAL,3.1
9353,NEUTRAL,2.3
9355,NEUTRAL,2.4
9357,ENTAILMENT,4.4
9358,NEUTRAL,4.2
9360,NEUTRAL,4.1
9363,NEUTRAL,3.9
9364,NEUTRAL,4.3
9365,NEUTRAL,4.1
9366,ENTAILMENT,4.7
9372,NEUTRAL,2.8
9376,NEUTRAL,3.1
9378,NEUTRAL,3.5
9379,NEUTRAL,3.1
9381,NEUTRAL,3.1
9382,NEUTRAL,1.9
9383,NEUTRAL,3.8
9384,ENTAILMENT,4.1
9390,NEUTRAL,3.7
9392,NEUTRAL,3.4
9396,NEUTRAL,3.2
9397,NEUTRAL,4.1
9398,NEUTRAL,3.15
9399,NEUTRAL,3.3
9403,NEUTRAL,3.8
9404,ENTAILMENT,4.9
9405,NEUTRAL,3.0
9406,NEUTRAL,3.4
9409,NEUTRAL,3.8
9410,NEUTRAL,3.3
9411,NEUTRAL,4.3
9415,NEUTRAL,3.1
9416,NEUTRAL,4.1
9417,NEUTRAL,4.4
9418,NEUTRAL,3.4
9419,NEUTRAL,3.9
9420,NEUTRAL,4.7
9421,NEUTRAL,3.2
9422,ENTAILMENT,4.8
9428,NEUTRAL,4.3
9429,ENTAILMENT,4.2
9432,ENTAILMENT,3.6
9440,ENTAILMENT,4.9
9441,NEUTRAL,4.1
9443,NEUTRAL,2.5
9446,NEUTRAL,4.2
9450,ENTAILMENT,4.5
9454,NEUTRAL,3.8
9458,ENTAILMENT,4.8
9459,ENTAILMENT,3.5
9460,ENTAILMENT,4.2
9463,NEUTRAL,3.0
9464,NEUTRAL,3.3
9466,NEUTRAL,3.4
9468,NEUTRAL,4.3
9470,NEUTRAL,3.5
9472,ENTAILMENT,3.3
9474,NEUTRAL,3.4
9476,ENTAILMENT,4.7
9477,NEUTRAL,3.3
9478,NEUTRAL,4.5
9479,NEUTRAL,3.8
9480,NEUTRAL,4.2
9481,NEUTRAL,2.465
9483,NEUTRAL,3.5
9484,NEUTRAL,3.4
9485,ENTAILMENT,4.8
9486,CONTRADICTION,2.1
9487,ENTAILMENT,4.6
9491,ENTAILMENT,4.1
9494,ENTAILMENT,4.4
9498,NEUTRAL,2.9
9501,NEUTRAL,2.7
9503,ENTAILMENT,4.7
9505,NEUTRAL,4.1
9507,ENTAILMENT,2.9
9508,ENTAILMENT,3.4
9509,ENTAILMENT,3.8
9511,ENTAILMENT,4.5
9513,NEUTRAL,4.0
9514,NEUTRAL,4.2
9518,NEUTRAL,3.6
9519,NEUTRAL,1.9
9520,NEUTRAL,3.8
9521,NEUTRAL,4.2
9522,NEUTRAL,3.2
9523,ENTAILMENT,4.5
9527,NEUTRAL,3.0
9528,NEUTRAL,2.4
9533,CONTRADICTION,3.1
9534,NEUTRAL,3.1
9536,NEUTRAL,3.3
9539,ENTAILMENT,4.8
9543,NEUTRAL,2.9
9546,NEUTRAL,3.2
9547,NEUTRAL,2.6
9548,ENTAILMENT,4.9
9550,ENTAILMENT,4.2
9552,ENTAILMENT,4.3
9553,ENTAILMENT,4.0
9559,ENTAILMENT,5.0
9560,ENTAILMENT,4.1
9564,CONTRADICTION,3.1
9566,ENTAILMENT,4.6
9568,ENTAILMENT,4.4
9573,NEUTRAL,2.8
9575,NEUTRAL,4.7
9582,NEUTRAL,3.1
9585,CONTRADICTION,3.4
9586,ENTAILMENT,4.9
9587,NEUTRAL,3.6
9588,ENTAILMENT,3.2
9589,NEUTRAL,2.8
9590,NEUTRAL,1.5
9595,ENTAILMENT,4.4
9596,CONTRADICTION,3.4
9597,ENTAILMENT,4.7
9598,NEUTRAL,4.3
9601,NEUTRAL,4.1
9603,NEUTRAL,3.3
9606,ENTAILMENT,4.5
9608,NEUTRAL,3.1
9611,NEUTRAL,3.1
9612,NEUTRAL,3.1
9613,NEUTRAL,4.4
9614,NEUTRAL,4.0
9618,CONTRADICTION,2.7
9619,NEUTRAL,3.0
9620,NEUTRAL,3.5
9621,NEUTRAL,4.1
9622,ENTAILMENT,4.3
9625,NEUTRAL,4.0
9626,NEUTRAL,3.2
9628,NEUTRAL,3.7
9629,NEUTRAL,3.1
9630,NEUTRAL,3.6
9633,NEUTRAL,3.95
9634,ENTAILMENT,4.9
9637,NEUTRAL,3.2
9640,NEUTRAL,3.8
9642,ENTAILMENT,4.8
9647,NEUTRAL,2.7
9648,NEUTRAL,3.1
9649,NEUTRAL,2.9
9652,ENTAILMENT,3.5
9654,ENTAILMENT,3.6
9655,NEUTRAL,2.9
9658,NEUTRAL,3.9
9660,ENTAILMENT,4.6
9661,NEUTRAL,3.7
9663,ENTAILMENT,4.4
9664,ENTAILMENT,4.4
9670,CONTRADICTION,2.8
9671,ENTAILMENT,4.6
9672,NEUTRAL,4.2
9673,NEUTRAL,3.4
9674,NEUTRAL,2.6
9679,NEUTRAL,4.3
9681,NEUTRAL,3.4
9682,NEUTRAL,3.0
9683,NEUTRAL,1.6
9685,NEUTRAL,3.8
9686,NEUTRAL,3.6
9688,CONTRADICTION,3.4
9690,ENTAILMENT,3.3
9693,NEUTRAL,3.6
9696,ENTAILMENT,4.3
9705,ENTAILMENT,4.3
9707,NEUTRAL,4.7
9711,NEUTRAL,4.2
9712,NEUTRAL,4.0
9714,ENTAILMENT,4.5
9716,NEUTRAL,4.1
9724,NEUTRAL,3.9
9725,ENTAILMENT,4.9
9727,NEUTRAL,3.4
9728,NEUTRAL,2.7
9729,NEUTRAL,3.7
9732,NEUTRAL,4.8
9734,ENTAILMENT,4.9
9735,ENTAILMENT,3.6
9737,ENTAILMENT,4.1
9739,ENTAILMENT,3.1
9740,ENTAILMENT,4.6
9741,NEUTRAL,4.6
9742,NEUTRAL,3.7
9743,ENTAILMENT,4.9
9750,NEUTRAL,4.8
9751,NEUTRAL,3.6
9754,NEUTRAL,3.6
9755,NEUTRAL,4.1
9756,NEUTRAL,3.5
9761,NEUTRAL,1.6
9762,NEUTRAL,1.0
9767,NEUTRAL,1.0
9768,NEUTRAL,1.1
9772,NEUTRAL,2.7
9775,NEUTRAL,2.0
9777,NEUTRAL,2.0
9779,NEUTRAL,1.0
9781,NEUTRAL,2.1
9782,NEUTRAL,1.0
9783,NEUTRAL,1.1
9785,NEUTRAL,1.1
9787,NEUTRAL,1.3
9790,NEUTRAL,1.0
9791,NEUTRAL,1.0
9792,NEUTRAL,1.0
9793,NEUTRAL,1.1
9794,NEUTRAL,1.0
9796,NEUTRAL,1.1
9797,NEUTRAL,1.0
9798,NEUTRAL,2.5
9802,NEUTRAL,1.3
9804,NEUTRAL,1.3
9807,NEUTRAL,1.0
9808,NEUTRAL,1.0
9809,NEUTRAL,1.5
9810,NEUTRAL,1.0
9812,NEUTRAL,1.0
9813,NEUTRAL,1.6
9818,NEUTRAL,2.2
9819,NEUTRAL,1.3
9823,NEUTRAL,1.0
9824,NEUTRAL,1.0
9826,NEUTRAL,1.0
9828,NEUTRAL,1.0
9830,NEUTRAL,1.6
9831,NEUTRAL,1.0
9832,NEUTRAL,1.0
9833,NEUTRAL,1.3
9834,NEUTRAL,1.0
9835,NEUTRAL,1.0
9837,NEUTRAL,1.1
9842,NEUTRAL,1.1
9845,NEUTRAL,1.0
9848,NEUTRAL,1.0
9849,NEUTRAL,1.6
9850,NEUTRAL,1.0
9852,NEUTRAL,1.1
9854,NEUTRAL,1.0
9855,NEUTRAL,1.0
9857,NEUTRAL,1.1
9858,NEUTRAL,2.5
9861,NEUTRAL,1.0
9862,NEUTRAL,1.0
9865,NEUTRAL,1.1
9866,NEUTRAL,1.1
9867,NEUTRAL,1.0
9871,NEUTRAL,1.0
9872,NEUTRAL,1.1
9873,NEUTRAL,1.0
9881,NEUTRAL,1.2
9883,NEUTRAL,1.185
9887,NEUTRAL,1.0
9888,NEUTRAL,1.0
9890,NEUTRAL,1.1
9891,NEUTRAL,1.1
9892,NEUTRAL,1.0
9894,NEUTRAL,1.4
9896,NEUTRAL,1.185
9898,NEUTRAL,1.0
9899,NEUTRAL,1.0
9901,NEUTRAL,1.1
9902,NEUTRAL,1.0
9906,NEUTRAL,1.8
9908,NEUTRAL,1.7
9909,NEUTRAL,1.1
9910,NEUTRAL,1.0
9913,NEUTRAL,1.0
9917,NEUTRAL,1.2
9918,NEUTRAL,1.0
9920,NEUTRAL,1.0
9923,NEUTRAL,1.1
9924,NEUTRAL,2.4
9925,NEUTRAL,1.0
9928,NEUTRAL,1.0
9929,NEUTRAL,1.0
9930,NEUTRAL,1.0
9932,NEUTRAL,1.0
9933,NEUTRAL,1.2
9937,NEUTRAL,1.0
9941,NEUTRAL,1.1
9944,NEUTRAL,1.0
9945,NEUTRAL,1.2
9946,NEUTRAL,1.0
9950,NEUTRAL,1.0
9952,NEUTRAL,1.0
9953,NEUTRAL,1.3
9954,NEUTRAL,1.0
9956,NEUTRAL,1.0
9957,NEUTRAL,1.0
9958,NEUTRAL,1.3
9959,NEUTRAL,1.0
9961,NEUTRAL,1.0
9962,NEUTRAL,1.0
9964,NEUTRAL,1.0
9965,NEUTRAL,1.0
9966,NEUTRAL,1.7
9969,NEUTRAL,1.4
9970,NEUTRAL,1.0
9971,NEUTRAL,1.0
9972,NEUTRAL,1.1
9977,NEUTRAL,1.0
9978,ENTAILMENT,1.0
9979,NEUTRAL,1.0
9986,NEUTRAL,1.0
9987,NEUTRAL,1.3
9989,NEUTRAL,1.0
9990,NEUTRAL,1.1
9991,NEUTRAL,2.1
9992,NEUTRAL,1.0
9994,NEUTRAL,1.0
9995,NEUTRAL,1.0
9996,NEUTRAL,1.0
